,index,utcdate,utctime,alt,speed_mph,n_sats,duration
0,50622,2021-10-30,20:08:16.800000,0,0.0,0,50622
1,50886,2021-10-30,20:08:17.100000,0,0.0,0,50886
2,51154,2021-10-30,20:08:17.300000,0,0.0,0,51154
3,51418,2021-10-30,20:08:17.600000,0,0.0,0,51418
4,51680,2021-10-30,20:08:17.900000,0,0.0,0,51680
5,51949,2021-10-30,20:08:18.100000,0,0.0,0,51949
6,52211,2021-10-30,20:08:18.400000,0,0.0,0,52211
7,52474,2021-10-30,20:08:18.600000,0,0.0,0,52474
8,52746,2021-10-30,20:08:18.900000,0,0.0,0,52746
9,53012,2021-10-30,20:08:19.200000,0,0.0,0,53012
10,53282,2021-10-30,20:08:19.500000,0,0.0,0,53282
11,53551,2021-10-30,20:08:19.700000,0,0.0,0,53551
12,53813,2021-10-30,20:08:20,0,0.0,0,53813
13,54086,2021-10-30,20:08:20.300000,0,0.0,0,54086
14,54351,2021-10-30,20:08:20.500000,0,0.0,0,54351
15,54620,2021-10-30,20:08:20.800000,0,0.0,0,54620
16,54889,2021-10-30,20:08:21.100000,0,0.0,0,54889
17,55152,2021-10-30,20:08:21.300000,0,0.0,0,55152
18,55415,2021-10-30,20:08:21.600000,0,0.0,0,55415
19,55677,2021-10-30,20:08:21.800000,0,0.0,0,55677
20,55941,2021-10-30,20:08:22.100000,0,0.0,0,55941
21,56215,2021-10-30,20:08:22.400000,0,0.0,0,56215
22,56478,2021-10-30,20:08:22.600000,0,0.0,0,56478
23,56745,2021-10-30,20:08:22.900000,0,0.0,0,56745
24,57016,2021-10-30,20:08:23.200000,0,0.0,0,57016
25,57279,2021-10-30,20:08:23.400000,0,0.0,0,57279
26,57548,2021-10-30,20:08:23.700000,0,0.0,0,57548
27,57811,2021-10-30,20:08:24,0,0.0,0,57811
28,58080,2021-10-30,20:08:24.300000,0,0.0,0,58080
29,58356,2021-10-30,20:08:24.500000,0,0.0,0,58356
30,58618,2021-10-30,20:08:24.800000,0,0.0,0,58618
31,58888,2021-10-30,20:08:25.100000,0,0.0,0,58888
32,59150,2021-10-30,20:08:25.300000,0,0.0,0,59150
33,59412,2021-10-30,20:08:25.600000,0,0.0,0,59412
34,59681,2021-10-30,20:08:25.900000,0,0.0,0,59681
35,59957,2021-10-30,20:08:26.100000,0,0.0,0,59957
36,60226,2021-10-30,20:08:26.400000,0,0.0,0,60226
37,60495,2021-10-30,20:08:26.700000,0,0.0,0,60495
38,60758,2021-10-30,20:08:26.900000,0,0.0,0,60758
39,61034,2021-10-30,20:08:27.200000,0,0.0,0,61034
40,61302,2021-10-30,20:08:27.500000,0,0.0,0,61302
41,61566,2021-10-30,20:08:27.700000,0,0.0,0,61566
42,61843,2021-10-30,20:08:28,0,0.0,0,61843
43,62117,2021-10-30,20:08:28.300000,173,100.04073100000001,4,62117
44,62387,2021-10-30,20:08:28.500000,174,234.256867,4,62387
45,62659,2021-10-30,20:08:28.800000,174,32.932663,4,62659
46,62923,2021-10-30,20:08:29.100000,174,133.594765,4,62923
47,63200,2021-10-30,20:08:29.400000,174,234.256867,4,63200
48,63474,2021-10-30,20:08:29.600000,174,100.04073100000001,4,63474
49,63750,2021-10-30,20:08:29.900000,174,66.486697,4,63750
50,64013,2021-10-30,20:08:30.200000,174,133.594765,4,64013
51,64282,2021-10-30,20:08:30.400000,174,100.04073100000001,4,64282
52,64550,2021-10-30,20:08:30.700000,174,32.932663,4,64550
53,64821,2021-10-30,20:08:31,174,100.04073100000001,4,64821
54,65164,2021-10-30,20:08:31.300000,175,0.0,7,65164
55,65427,2021-10-30,20:08:31.600000,176,0.0,7,65427
56,65697,2021-10-30,20:08:31.900000,176,66.486697,7,65697
57,65965,2021-10-30,20:08:32.100000,176,200.702833,7,65965
58,66232,2021-10-30,20:08:32.400000,177,200.702833,7,66232
59,66503,2021-10-30,20:08:32.700000,177,100.04073100000001,7,66503
60,66766,2021-10-30,20:08:32.900000,177,66.486697,7,66766
61,67041,2021-10-30,20:08:33.200000,177,133.594765,7,67041
62,67316,2021-10-30,20:08:33.500000,177,32.932663,7,67316
63,67600,2021-10-30,20:08:33.800000,177,32.932663,7,67600
64,67866,2021-10-30,20:08:34,178,100.04073100000001,7,67866
65,68128,2021-10-30,20:08:34.300000,178,0.0,7,68128
66,68412,2021-10-30,20:08:34.600000,178,133.594765,7,68412
67,68680,2021-10-30,20:08:34.800000,178,200.702833,7,68680
68,68959,2021-10-30,20:08:35.100000,178,402.027037,7,68959
69,69224,2021-10-30,20:08:35.400000,179,32.932663,7,69224
70,69506,2021-10-30,20:08:35.700000,179,234.256867,7,69506
71,69776,2021-10-30,20:08:35.900000,179,469.135105,7,69776
72,70043,2021-10-30,20:08:36.200000,179,66.486697,7,70043
73,70319,2021-10-30,20:08:36.500000,179,167.148799,7,70319
74,70582,2021-10-30,20:08:36.700000,179,200.702833,7,70582
75,70858,2021-10-30,20:08:37,180,100.04073100000001,7,70858
76,71129,2021-10-30,20:08:37.300000,180,200.702833,7,71129
77,71396,2021-10-30,20:08:37.600000,180,334.918969,7,71396
78,71670,2021-10-30,20:08:37.800000,180,66.486697,7,71670
79,71940,2021-10-30,20:08:38.100000,180,167.148799,7,71940
80,72215,2021-10-30,20:08:38.400000,180,100.04073100000001,7,72215
81,72483,2021-10-30,20:08:38.600000,180,267.810901,7,72483
82,72766,2021-10-30,20:08:38.900000,180,267.810901,7,72766
83,73040,2021-10-30,20:08:39.200000,181,133.594765,7,73040
84,73311,2021-10-30,20:08:39.500000,181,32.932663,7,73311
85,73587,2021-10-30,20:08:39.700000,181,32.932663,7,73587
86,73861,2021-10-30,20:08:40,181,133.594765,7,73861
87,74136,2021-10-30,20:08:40.300000,181,200.702833,7,74136
88,74404,2021-10-30,20:08:40.600000,181,200.702833,7,74404
89,74685,2021-10-30,20:08:40.800000,181,133.594765,7,74685
90,74948,2021-10-30,20:08:40.100000,181,100.04073100000001,9,74948
91,75217,2021-10-30,20:08:40.400000,181,32.932663,9,75217
92,75487,2021-10-30,20:08:40.600000,181,167.148799,9,75487
93,75761,2021-10-30,20:08:40.900000,181,234.256867,9,75761
94,76033,2021-10-30,20:08:41.200000,181,167.148799,9,76033
95,76312,2021-10-30,20:08:41.500000,182,100.04073100000001,9,76312
96,76581,2021-10-30,20:08:41.700000,182,167.148799,9,76581
97,76850,2021-10-30,20:08:42,182,267.810901,9,76850
98,77126,2021-10-30,20:08:42.300000,182,66.486697,9,77126
99,77419,2021-10-30,20:08:42.600000,182,66.486697,9,77419
100,77688,2021-10-30,20:08:42.800000,182,200.702833,9,77688
101,77952,2021-10-30,20:08:43.100000,182,234.256867,9,77952
102,78226,2021-10-30,20:08:43.400000,182,267.810901,9,78226
103,78489,2021-10-30,20:08:43.600000,182,100.04073100000001,9,78489
104,78767,2021-10-30,20:08:43.900000,182,167.148799,9,78767
105,79040,2021-10-30,20:08:44.200000,182,234.256867,9,79040
106,79315,2021-10-30,20:08:44.500000,182,133.594765,9,79315
107,79578,2021-10-30,20:08:44.700000,182,66.486697,9,79578
108,79859,2021-10-30,20:08:45,182,234.256867,9,79859
109,80130,2021-10-30,20:08:45.300000,182,32.932663,9,80130
110,80397,2021-10-30,20:08:45.600000,182,66.486697,9,80397
111,80666,2021-10-30,20:08:45.800000,182,200.702833,9,80666
112,80937,2021-10-30,20:08:46.100000,182,100.04073100000001,9,80937
113,81217,2021-10-30,20:08:46.400000,183,100.04073100000001,9,81217
114,81479,2021-10-30,20:08:46.600000,183,100.04073100000001,9,81479
115,81743,2021-10-30,20:08:46.900000,183,100.04073100000001,9,81743
116,82018,2021-10-30,20:08:47.200000,183,100.04073100000001,9,82018
117,82293,2021-10-30,20:08:47.400000,183,267.810901,9,82293
118,82563,2021-10-30,20:08:47.700000,183,133.594765,9,82563
119,82838,2021-10-30,20:08:48,183,100.04073100000001,9,82838
120,83113,2021-10-30,20:08:48.300000,183,133.594765,9,83113
121,83382,2021-10-30,20:08:48.500000,183,66.486697,9,83382
122,83657,2021-10-30,20:08:48.800000,183,100.04073100000001,9,83657
123,83938,2021-10-30,20:08:49.100000,183,301.364935,9,83938
124,84214,2021-10-30,20:08:49.400000,183,0.0,9,84214
125,84489,2021-10-30,20:08:49.600000,183,32.932663,9,84489
126,84758,2021-10-30,20:08:49.900000,183,167.148799,9,84758
127,85026,2021-10-30,20:08:50.200000,183,167.148799,9,85026
128,85296,2021-10-30,20:08:50.500000,183,100.04073100000001,9,85296
129,85559,2021-10-30,20:08:50.700000,183,133.594765,9,85559
130,85828,2021-10-30,20:08:51,183,167.148799,9,85828
131,86097,2021-10-30,20:08:51.300000,183,66.486697,9,86097
132,86372,2021-10-30,20:08:51.500000,183,100.04073100000001,9,86372
133,86635,2021-10-30,20:08:51.800000,183,100.04073100000001,9,86635
134,86908,2021-10-30,20:08:52.100000,183,100.04073100000001,9,86908
135,87179,2021-10-30,20:08:52.300000,183,100.04073100000001,9,87179
136,87448,2021-10-30,20:08:52.600000,183,167.148799,9,87448
137,87717,2021-10-30,20:08:52.900000,183,32.932663,9,87717
138,87992,2021-10-30,20:08:53.100000,183,167.148799,9,87992
139,88265,2021-10-30,20:08:53.400000,183,66.486697,9,88265
140,88537,2021-10-30,20:08:53.700000,183,100.04073100000001,9,88537
141,88812,2021-10-30,20:08:54,183,66.486697,9,88812
142,89086,2021-10-30,20:08:54.200000,183,100.04073100000001,9,89086
143,89350,2021-10-30,20:08:54.500000,183,32.932663,9,89350
144,89626,2021-10-30,20:08:54.800000,183,66.486697,9,89626
145,89900,2021-10-30,20:08:55.100000,183,133.594765,9,89900
146,90176,2021-10-30,20:08:55.300000,183,100.04073100000001,9,90176
147,90450,2021-10-30,20:08:55.600000,183,66.486697,9,90450
148,90733,2021-10-30,20:08:55.900000,183,66.486697,9,90733
149,91001,2021-10-30,20:08:56.200000,183,200.702833,9,91001
150,91277,2021-10-30,20:08:56.400000,183,200.702833,9,91277
151,91548,2021-10-30,20:08:56.700000,183,167.148799,9,91548
152,91814,2021-10-30,20:08:57,183,167.148799,9,91814
153,92078,2021-10-30,20:08:57.200000,183,301.364935,9,92078
154,92353,2021-10-30,20:08:57.500000,183,133.594765,9,92353
155,92615,2021-10-30,20:08:57.800000,183,267.810901,9,92615
156,92897,2021-10-30,20:08:58.100000,183,200.702833,9,92897
157,93174,2021-10-30,20:08:58.300000,183,133.594765,9,93174
158,93447,2021-10-30,20:08:58.600000,183,32.932663,9,93447
159,93717,2021-10-30,20:08:58.900000,183,100.04073100000001,9,93717
160,93979,2021-10-30,20:08:59.100000,183,100.04073100000001,9,93979
161,94256,2021-10-30,20:08:59.400000,183,167.148799,9,94256
162,94527,2021-10-30,20:08:59.700000,184,66.486697,9,94527
163,94792,2021-10-30,20:08:59.900000,184,100.04073100000001,9,94792
164,95055,2021-10-30,20:09:00.200000,184,133.594765,10,95055
165,95328,2021-10-30,20:09:00.500000,184,32.932663,10,95328
166,95611,2021-10-30,20:09:00.800000,184,66.486697,10,95611
167,95881,2021-10-30,20:09:01,184,66.486697,10,95881
168,96156,2021-10-30,20:09:01.300000,184,100.04073100000001,10,96156
169,96419,2021-10-30,20:09:01.600000,184,234.256867,10,96419
170,96702,2021-10-30,20:09:01.900000,184,200.702833,10,96702
171,96977,2021-10-30,20:09:02.100000,184,66.486697,10,96977
172,97252,2021-10-30,20:09:02.400000,184,66.486697,10,97252
173,97520,2021-10-30,20:09:02.700000,184,133.594765,10,97520
174,97796,2021-10-30,20:09:02.900000,184,32.932663,10,97796
175,98067,2021-10-30,20:09:03.200000,184,100.04073100000001,10,98067
176,98335,2021-10-30,20:09:03.500000,184,100.04073100000001,10,98335
177,98612,2021-10-30,20:09:03.800000,184,133.594765,10,98612
178,98886,2021-10-30,20:09:04,184,66.486697,10,98886
179,99155,2021-10-30,20:09:04.300000,184,32.932663,10,99155
180,99435,2021-10-30,20:09:04.600000,185,200.702833,10,99435
181,99710,2021-10-30,20:09:04.900000,185,32.932663,10,99710
182,99986,2021-10-30,20:09:05.100000,185,133.594765,10,99986
183,100257,2021-10-30,20:09:05.400000,185,234.256867,10,100257
184,100531,2021-10-30,20:09:05.700000,185,167.148799,10,100531
185,100799,2021-10-30,20:09:06,185,133.594765,10,100799
186,101074,2021-10-30,20:09:06.200000,185,66.486697,10,101074
187,101358,2021-10-30,20:09:06.500000,185,66.486697,10,101358
188,101625,2021-10-30,20:09:06.800000,185,32.932663,10,101625
189,101912,2021-10-30,20:09:07.100000,185,133.594765,10,101912
190,102182,2021-10-30,20:09:07.300000,185,133.594765,10,102182
191,102458,2021-10-30,20:09:07.600000,185,100.04073100000001,10,102458
192,102731,2021-10-30,20:09:07.900000,185,32.932663,10,102731
193,103006,2021-10-30,20:09:08.200000,186,66.486697,11,103006
194,103275,2021-10-30,20:09:08.400000,186,100.04073100000001,11,103275
195,103538,2021-10-30,20:09:08.700000,186,133.594765,11,103538
196,103815,2021-10-30,20:09:09,186,66.486697,11,103815
197,104087,2021-10-30,20:09:09.200000,186,66.486697,11,104087
198,104359,2021-10-30,20:09:09.500000,186,66.486697,11,104359
199,104628,2021-10-30,20:09:09.800000,186,301.364935,11,104628
200,104907,2021-10-30,20:09:10.100000,186,32.932663,11,104907
201,105178,2021-10-30,20:09:10.300000,186,301.364935,11,105178
202,105447,2021-10-30,20:09:10.600000,186,200.702833,11,105447
203,105716,2021-10-30,20:09:10.900000,186,100.04073100000001,11,105716
204,105995,2021-10-30,20:09:11.100000,186,32.932663,11,105995
205,106266,2021-10-30,20:09:11.400000,186,200.702833,11,106266
206,106529,2021-10-30,20:09:11.700000,186,167.148799,11,106529
207,106807,2021-10-30,20:09:12,186,66.486697,11,106807
208,107079,2021-10-30,20:09:12.200000,186,368.473003,11,107079
209,107356,2021-10-30,20:09:12.500000,186,200.702833,11,107356
210,107626,2021-10-30,20:09:12.800000,187,200.702833,11,107626
211,107926,2021-10-30,20:09:13.100000,187,100.04073100000001,11,107926
212,108194,2021-10-30,20:09:13.300000,187,66.486697,11,108194
213,108468,2021-10-30,20:09:13.600000,187,100.04073100000001,11,108468
214,108738,2021-10-30,20:09:13.900000,187,100.04073100000001,11,108738
215,109020,2021-10-30,20:09:14.200000,187,267.810901,11,109020
216,109294,2021-10-30,20:09:14.400000,187,167.148799,11,109294
217,109557,2021-10-30,20:09:14.700000,187,100.04073100000001,11,109557
218,109839,2021-10-30,20:09:15,187,100.04073100000001,11,109839
219,110115,2021-10-30,20:09:15.300000,187,301.364935,11,110115
220,110395,2021-10-30,20:09:15.500000,187,32.932663,11,110395
221,110659,2021-10-30,20:09:15.800000,187,133.594765,11,110659
222,110935,2021-10-30,20:09:16.100000,187,234.256867,11,110935
223,111207,2021-10-30,20:09:16.400000,187,0.0,11,111207
224,111476,2021-10-30,20:09:16.600000,187,234.256867,11,111476
225,111747,2021-10-30,20:09:16.900000,187,66.486697,11,111747
226,112022,2021-10-30,20:09:17.200000,187,133.594765,11,112022
227,112297,2021-10-30,20:09:17.400000,188,167.148799,11,112297
228,112560,2021-10-30,20:09:17.700000,188,100.04073100000001,11,112560
229,112835,2021-10-30,20:09:18,188,167.148799,11,112835
230,113099,2021-10-30,20:09:18.300000,188,234.256867,11,113099
231,113373,2021-10-30,20:09:18.500000,188,66.486697,11,113373
232,113636,2021-10-30,20:09:18.800000,188,200.702833,11,113636
233,113911,2021-10-30,20:09:19.100000,188,66.486697,11,113911
234,114174,2021-10-30,20:09:19.300000,188,66.486697,11,114174
235,114442,2021-10-30,20:09:19.600000,188,133.594765,11,114442
236,114712,2021-10-30,20:09:19.900000,188,167.148799,11,114712
237,114975,2021-10-30,20:09:20.100000,188,200.702833,11,114975
238,115250,2021-10-30,20:09:20.400000,188,100.04073100000001,11,115250
239,115514,2021-10-30,20:09:20.700000,188,167.148799,11,115514
240,115788,2021-10-30,20:09:20.900000,188,66.486697,11,115788
241,116057,2021-10-30,20:09:21.200000,188,66.486697,11,116057
242,116326,2021-10-30,20:09:21.500000,188,200.702833,11,116326
243,116589,2021-10-30,20:09:21.700000,188,133.594765,11,116589
244,116862,2021-10-30,20:09:22,189,167.148799,11,116862
245,117127,2021-10-30,20:09:22.300000,189,100.04073100000001,11,117127
246,117398,2021-10-30,20:09:22.500000,189,100.04073100000001,11,117398
247,117678,2021-10-30,20:09:22.800000,189,133.594765,11,117678
248,117947,2021-10-30,20:09:23.100000,189,100.04073100000001,11,117947
249,118216,2021-10-30,20:09:23.400000,189,234.256867,11,118216
250,118491,2021-10-30,20:09:23.600000,189,167.148799,11,118491
251,118760,2021-10-30,20:09:23.900000,189,32.932663,11,118760
252,119029,2021-10-30,20:09:24.200000,189,200.702833,11,119029
253,119307,2021-10-30,20:09:24.500000,189,133.594765,11,119307
254,119575,2021-10-30,20:09:24.700000,189,167.148799,11,119575
255,119849,2021-10-30,20:09:25,189,167.148799,11,119849
256,120117,2021-10-30,20:09:25.300000,189,167.148799,11,120117
257,120380,2021-10-30,20:09:25.500000,190,167.148799,11,120380
258,120655,2021-10-30,20:09:25.800000,190,133.594765,11,120655
259,120931,2021-10-30,20:09:26.100000,190,133.594765,11,120931
260,121213,2021-10-30,20:09:26.400000,190,133.594765,11,121213
261,121481,2021-10-30,20:09:26.600000,190,32.932663,11,121481
262,121751,2021-10-30,20:09:26.900000,190,66.486697,11,121751
263,122019,2021-10-30,20:09:27.200000,190,66.486697,11,122019
264,122307,2021-10-30,20:09:27.500000,190,234.256867,11,122307
265,122569,2021-10-30,20:09:27.700000,190,301.364935,11,122569
266,122843,2021-10-30,20:09:28,190,167.148799,11,122843
267,123108,2021-10-30,20:09:28.300000,190,200.702833,11,123108
268,123383,2021-10-30,20:09:28.500000,190,167.148799,11,123383
269,123659,2021-10-30,20:09:28.800000,190,267.810901,11,123659
270,123933,2021-10-30,20:09:29.100000,190,133.594765,11,123933
271,124209,2021-10-30,20:09:29.400000,190,234.256867,11,124209
272,124478,2021-10-30,20:09:29.600000,190,368.473003,11,124478
273,124756,2021-10-30,20:09:29.900000,190,368.473003,11,124756
274,125024,2021-10-30,20:09:30.200000,190,100.04073100000001,11,125024
275,125302,2021-10-30,20:09:30.400000,190,66.486697,11,125302
276,125573,2021-10-30,20:09:30.700000,190,234.256867,11,125573
277,125845,2021-10-30,20:09:31,190,200.702833,11,125845
278,126116,2021-10-30,20:09:31.300000,190,133.594765,11,126116
279,126381,2021-10-30,20:09:31.500000,190,32.932663,11,126381
280,126673,2021-10-30,20:09:31.800000,190,66.486697,11,126673
281,126937,2021-10-30,20:09:32.100000,190,200.702833,11,126937
282,127213,2021-10-30,20:09:32.400000,190,32.932663,11,127213
283,127480,2021-10-30,20:09:32.600000,190,435.581071,11,127480
284,127758,2021-10-30,20:09:32.900000,190,133.594765,11,127758
285,128024,2021-10-30,20:09:33.200000,190,402.027037,11,128024
286,128293,2021-10-30,20:09:33.400000,190,234.256867,11,128293
287,128558,2021-10-30,20:09:33.700000,190,133.594765,11,128558
288,128826,2021-10-30,20:09:34,190,234.256867,11,128826
289,129101,2021-10-30,20:09:34.200000,190,234.256867,11,129101
290,129377,2021-10-30,20:09:34.500000,189,167.148799,11,129377
291,129654,2021-10-30,20:09:34.800000,189,100.04073100000001,11,129654
292,129921,2021-10-30,20:09:35.100000,189,66.486697,11,129921
293,130189,2021-10-30,20:09:35.300000,189,0.0,11,130189
294,130454,2021-10-30,20:09:35.600000,189,267.810901,11,130454
295,130729,2021-10-30,20:09:35.900000,189,200.702833,11,130729
296,130997,2021-10-30,20:09:36.100000,189,66.486697,11,130997
297,131260,2021-10-30,20:09:36.400000,189,66.486697,11,131260
298,131528,2021-10-30,20:09:36.700000,189,234.256867,11,131528
299,131798,2021-10-30,20:09:36.900000,189,32.932663,11,131798
300,132087,2021-10-30,20:09:37.200000,189,100.04073100000001,11,132087
301,132355,2021-10-30,20:09:37.500000,189,133.594765,11,132355
302,132629,2021-10-30,20:09:37.800000,189,133.594765,11,132629
303,132917,2021-10-30,20:09:38.100000,189,32.932663,11,132917
304,133199,2021-10-30,20:09:38.300000,189,200.702833,11,133199
305,133480,2021-10-30,20:09:38.600000,189,133.594765,11,133480
306,133748,2021-10-30,20:09:38.900000,189,66.486697,11,133748
307,134019,2021-10-30,20:09:39.200000,189,234.256867,11,134019
308,134283,2021-10-30,20:09:39.400000,189,100.04073100000001,11,134283
309,134556,2021-10-30,20:09:39.700000,189,0.0,11,134556
310,134819,2021-10-30,20:09:40,189,100.04073100000001,11,134819
311,135094,2021-10-30,20:09:40.200000,189,133.594765,11,135094
312,135357,2021-10-30,20:09:40.500000,189,200.702833,11,135357
313,135632,2021-10-30,20:09:40.800000,189,200.702833,11,135632
314,135896,2021-10-30,20:09:41,189,66.486697,11,135896
315,136175,2021-10-30,20:09:41.300000,189,200.702833,11,136175
316,136445,2021-10-30,20:09:41.600000,189,200.702833,11,136445
317,136709,2021-10-30,20:09:41.900000,189,66.486697,11,136709
318,136984,2021-10-30,20:09:42.100000,189,32.932663,11,136984
319,137255,2021-10-30,20:09:42.400000,190,0.0,11,137255
320,137534,2021-10-30,20:09:42.700000,190,267.810901,11,137534
321,137797,2021-10-30,20:09:42.900000,190,133.594765,11,137797
322,138073,2021-10-30,20:09:43.200000,190,200.702833,11,138073
323,138335,2021-10-30,20:09:43.500000,190,32.932663,11,138335
324,138610,2021-10-30,20:09:43.800000,190,32.932663,11,138610
325,138873,2021-10-30,20:09:44,190,569.797207,11,138873
326,139151,2021-10-30,20:09:44.300000,190,234.256867,11,139151
327,139420,2021-10-30,20:09:44.600000,190,167.148799,11,139420
328,139686,2021-10-30,20:09:44.800000,190,32.932663,11,139686
329,139965,2021-10-30,20:09:45.100000,190,66.486697,11,139965
330,140237,2021-10-30,20:09:45.400000,190,32.932663,11,140237
331,140513,2021-10-30,20:09:45.700000,190,334.918969,11,140513
332,140783,2021-10-30,20:09:45.900000,190,32.932663,11,140783
333,141050,2021-10-30,20:09:46.200000,190,66.486697,11,141050
334,141313,2021-10-30,20:09:46.500000,190,0.0,11,141313
335,141582,2021-10-30,20:09:46.700000,190,267.810901,11,141582
336,141854,2021-10-30,20:09:47,190,100.04073100000001,11,141854
337,142123,2021-10-30,20:09:47.300000,190,32.932663,11,142123
338,142395,2021-10-30,20:09:47.500000,190,133.594765,11,142395
339,142672,2021-10-30,20:09:47.800000,190,167.148799,11,142672
340,142954,2021-10-30,20:09:48.100000,190,267.810901,11,142954
341,143223,2021-10-30,20:09:48.400000,190,100.04073100000001,11,143223
342,143497,2021-10-30,20:09:48.600000,190,100.04073100000001,11,143497
343,143773,2021-10-30,20:09:48.900000,191,133.594765,11,143773
344,144059,2021-10-30,20:09:49.200000,191,167.148799,11,144059
345,144325,2021-10-30,20:09:49.500000,191,234.256867,11,144325
346,144596,2021-10-30,20:09:49.700000,191,32.932663,11,144596
347,144874,2021-10-30,20:09:50,191,100.04073100000001,11,144874
348,145143,2021-10-30,20:09:50.300000,191,200.702833,11,145143
349,145417,2021-10-30,20:09:50.600000,191,32.932663,11,145417
350,145692,2021-10-30,20:09:50.800000,191,133.594765,11,145692
351,145965,2021-10-30,20:09:51.100000,191,66.486697,11,145965
352,146237,2021-10-30,20:09:51.400000,191,133.594765,11,146237
353,146512,2021-10-30,20:09:51.700000,191,167.148799,11,146512
354,146783,2021-10-30,20:09:51.900000,191,133.594765,11,146783
355,147056,2021-10-30,20:09:52.200000,191,133.594765,11,147056
356,147318,2021-10-30,20:09:52.500000,191,167.148799,11,147318
357,147589,2021-10-30,20:09:52.700000,191,32.932663,11,147589
358,147857,2021-10-30,20:09:53,191,66.486697,11,147857
359,148131,2021-10-30,20:09:53.300000,191,100.04073100000001,11,148131
360,148408,2021-10-30,20:09:53.600000,191,133.594765,11,148408
361,148682,2021-10-30,20:09:53.800000,191,100.04073100000001,11,148682
362,148958,2021-10-30,20:09:54.100000,191,167.148799,11,148958
363,149223,2021-10-30,20:09:54.400000,192,100.04073100000001,11,149223
364,149507,2021-10-30,20:09:54.700000,192,301.364935,11,149507
365,149772,2021-10-30,20:09:54.900000,192,200.702833,11,149772
366,150045,2021-10-30,20:09:55.200000,192,32.932663,11,150045
367,150308,2021-10-30,20:09:55.500000,192,200.702833,11,150308
368,150572,2021-10-30,20:09:55.700000,192,32.932663,11,150572
369,150848,2021-10-30,20:09:56,192,234.256867,11,150848
370,151122,2021-10-30,20:09:56.300000,192,368.473003,11,151122
371,151398,2021-10-30,20:09:56.500000,192,167.148799,11,151398
372,151663,2021-10-30,20:09:56.800000,192,234.256867,11,151663
373,151936,2021-10-30,20:09:57.100000,192,334.918969,11,151936
374,152199,2021-10-30,20:09:57.300000,191,200.702833,11,152199
375,152483,2021-10-30,20:09:57.600000,191,66.486697,11,152483
376,152749,2021-10-30,20:09:57.900000,191,100.04073100000001,11,152749
377,153016,2021-10-30,20:09:58.200000,191,167.148799,11,153016
378,153287,2021-10-30,20:09:58.400000,191,100.04073100000001,11,153287
379,153564,2021-10-30,20:09:58.700000,191,133.594765,11,153564
380,153837,2021-10-30,20:09:59,191,100.04073100000001,11,153837
381,154105,2021-10-30,20:09:59.300000,191,200.702833,11,154105
382,154376,2021-10-30,20:09:59.500000,191,234.256867,11,154376
383,154652,2021-10-30,20:09:59.800000,191,100.04073100000001,11,154652
384,154927,2021-10-30,20:10:00.100000,191,200.702833,11,154927
385,155195,2021-10-30,20:10:00.300000,191,32.932663,11,155195
386,155471,2021-10-30,20:10:00.600000,191,100.04073100000001,11,155471
387,155740,2021-10-30,20:10:00.900000,191,133.594765,11,155740
388,156010,2021-10-30,20:10:01.200000,191,469.135105,11,156010
389,156277,2021-10-30,20:10:01.400000,191,200.702833,11,156277
390,156553,2021-10-30,20:10:01.700000,191,167.148799,11,156553
391,156823,2021-10-30,20:10:02,191,167.148799,11,156823
392,157091,2021-10-30,20:10:02.200000,191,167.148799,11,157091
393,157372,2021-10-30,20:10:02.500000,191,100.04073100000001,11,157372
394,157643,2021-10-30,20:10:02.800000,191,100.04073100000001,11,157643
395,157917,2021-10-30,20:10:03.100000,191,133.594765,11,157917
396,158191,2021-10-30,20:10:03.300000,191,100.04073100000001,11,158191
397,158460,2021-10-30,20:10:03.600000,191,66.486697,11,158460
398,158731,2021-10-30,20:10:03.900000,191,66.486697,11,158731
399,159005,2021-10-30,20:10:04.200000,191,66.486697,11,159005
400,159275,2021-10-30,20:10:04.400000,191,200.702833,11,159275
401,159549,2021-10-30,20:10:04.700000,191,100.04073100000001,11,159549
402,159818,2021-10-30,20:10:05,191,234.256867,11,159818
403,160082,2021-10-30,20:10:05.200000,191,200.702833,11,160082
404,160356,2021-10-30,20:10:05.500000,191,133.594765,11,160356
405,160631,2021-10-30,20:10:05.800000,191,100.04073100000001,11,160631
406,160905,2021-10-30,20:10:06,191,200.702833,11,160905
407,161169,2021-10-30,20:10:06.300000,191,66.486697,11,161169
408,161432,2021-10-30,20:10:06.600000,191,133.594765,11,161432
409,161709,2021-10-30,20:10:06.900000,191,167.148799,11,161709
410,161976,2021-10-30,20:10:07.100000,190,100.04073100000001,11,161976
411,162246,2021-10-30,20:10:07.400000,190,66.486697,11,162246
412,162523,2021-10-30,20:10:07.700000,190,167.148799,11,162523
413,162822,2021-10-30,20:10:08,190,32.932663,11,162822
414,163096,2021-10-30,20:10:08.200000,190,133.594765,11,163096
415,163366,2021-10-30,20:10:08.500000,190,133.594765,11,163366
416,163635,2021-10-30,20:10:08.800000,190,100.04073100000001,11,163635
417,163915,2021-10-30,20:10:09.100000,190,66.486697,11,163915
418,164185,2021-10-30,20:10:09.300000,190,133.594765,11,164185
419,164454,2021-10-30,20:10:09.600000,190,66.486697,11,164454
420,164723,2021-10-30,20:10:09.900000,190,167.148799,11,164723
421,164986,2021-10-30,20:10:10.100000,190,0.0,11,164986
422,165255,2021-10-30,20:10:10.400000,190,167.148799,11,165255
423,165524,2021-10-30,20:10:10.700000,190,66.486697,11,165524
424,165799,2021-10-30,20:10:10.900000,190,66.486697,11,165799
425,166062,2021-10-30,20:10:11.200000,190,167.148799,11,166062
426,166335,2021-10-30,20:10:11.500000,190,66.486697,11,166335
427,166604,2021-10-30,20:10:11.700000,190,0.0,11,166604
428,166875,2021-10-30,20:10:12,190,133.594765,11,166875
429,167152,2021-10-30,20:10:12.300000,190,66.486697,11,167152
430,167422,2021-10-30,20:10:12.600000,190,167.148799,11,167422
431,167696,2021-10-30,20:10:12.800000,190,66.486697,11,167696
432,167964,2021-10-30,20:10:13.100000,190,200.702833,11,167964
433,168239,2021-10-30,20:10:13.400000,189,100.04073100000001,11,168239
434,168508,2021-10-30,20:10:13.700000,189,66.486697,11,168508
435,168782,2021-10-30,20:10:13.900000,189,0.0,11,168782
436,169047,2021-10-30,20:10:14.200000,189,66.486697,11,169047
437,169321,2021-10-30,20:10:14.500000,189,100.04073100000001,11,169321
438,169591,2021-10-30,20:10:14.700000,189,100.04073100000001,11,169591
439,169862,2021-10-30,20:10:15,189,133.594765,11,169862
440,170142,2021-10-30,20:10:15.300000,189,100.04073100000001,11,170142
441,170411,2021-10-30,20:10:15.600000,189,200.702833,11,170411
442,170699,2021-10-30,20:10:15.800000,189,100.04073100000001,11,170699
443,170967,2021-10-30,20:10:16.100000,189,167.148799,11,170967
444,171252,2021-10-30,20:10:16.400000,189,167.148799,11,171252
445,171516,2021-10-30,20:10:16.700000,189,133.594765,11,171516
446,171788,2021-10-30,20:10:16.900000,189,301.364935,11,171788
447,172055,2021-10-30,20:10:17.200000,189,167.148799,11,172055
448,172331,2021-10-30,20:10:17.500000,189,301.364935,11,172331
449,172606,2021-10-30,20:10:17.800000,189,32.932663,11,172606
450,172875,2021-10-30,20:10:18,189,32.932663,11,172875
451,173154,2021-10-30,20:10:18.300000,189,0.0,11,173154
452,173421,2021-10-30,20:10:18.600000,189,200.702833,11,173421
453,173694,2021-10-30,20:10:18.800000,189,334.918969,11,173694
454,173970,2021-10-30,20:10:19.100000,189,66.486697,11,173970
455,174255,2021-10-30,20:10:19.400000,189,267.810901,11,174255
456,174522,2021-10-30,20:10:19.700000,189,66.486697,11,174522
457,174795,2021-10-30,20:10:19.900000,189,167.148799,11,174795
458,175071,2021-10-30,20:10:20.200000,189,334.918969,11,175071
459,175334,2021-10-30,20:10:20.500000,189,32.932663,11,175334
460,175608,2021-10-30,20:10:20.800000,189,167.148799,11,175608
461,175884,2021-10-30,20:10:21,188,66.486697,11,175884
462,176161,2021-10-30,20:10:21.300000,188,100.04073100000001,11,176161
463,176435,2021-10-30,20:10:21.600000,188,200.702833,11,176435
464,176711,2021-10-30,20:10:21.900000,188,100.04073100000001,11,176711
465,176982,2021-10-30,20:10:22.100000,188,167.148799,11,176982
466,177255,2021-10-30,20:10:22.400000,188,133.594765,11,177255
467,177523,2021-10-30,20:10:22.700000,188,133.594765,11,177523
468,177799,2021-10-30,20:10:22.900000,188,100.04073100000001,11,177799
469,178062,2021-10-30,20:10:23.200000,188,32.932663,11,178062
470,178331,2021-10-30,20:10:23.500000,188,100.04073100000001,11,178331
471,178603,2021-10-30,20:10:23.700000,188,334.918969,11,178603
472,178875,2021-10-30,20:10:24,188,133.594765,11,178875
473,179151,2021-10-30,20:10:24.300000,188,167.148799,11,179151
474,179421,2021-10-30,20:10:24.600000,188,200.702833,11,179421
475,179688,2021-10-30,20:10:24.800000,188,301.364935,11,179688
476,179951,2021-10-30,20:10:25.100000,188,200.702833,11,179951
477,180250,2021-10-30,20:10:25.400000,188,234.256867,11,180250
478,180513,2021-10-30,20:10:25.700000,188,66.486697,11,180513
479,180791,2021-10-30,20:10:25.900000,188,200.702833,11,180791
480,181071,2021-10-30,20:10:26.200000,188,66.486697,11,181071
481,181343,2021-10-30,20:10:26.500000,188,133.594765,11,181343
482,181614,2021-10-30,20:10:26.800000,188,167.148799,11,181614
483,181891,2021-10-30,20:10:27,188,267.810901,11,181891
484,182172,2021-10-30,20:10:27.300000,188,234.256867,11,182172
485,182443,2021-10-30,20:10:27.600000,188,167.148799,11,182443
486,182715,2021-10-30,20:10:27.900000,188,167.148799,11,182715
487,182990,2021-10-30,20:10:28.100000,188,167.148799,11,182990
488,183258,2021-10-30,20:10:28.400000,188,133.594765,11,183258
489,183529,2021-10-30,20:10:28.700000,188,66.486697,11,183529
490,183798,2021-10-30,20:10:28.900000,188,66.486697,11,183798
491,184074,2021-10-30,20:10:29.200000,188,100.04073100000001,11,184074
492,184342,2021-10-30,20:10:29.500000,188,32.932663,11,184342
493,184617,2021-10-30,20:10:29.800000,188,133.594765,11,184617
494,184881,2021-10-30,20:10:30,188,133.594765,11,184881
495,185168,2021-10-30,20:10:30.300000,188,100.04073100000001,11,185168
496,185443,2021-10-30,20:10:30.600000,189,133.594765,11,185443
497,185721,2021-10-30,20:10:30.900000,189,66.486697,11,185721
498,185994,2021-10-30,20:10:31.100000,189,133.594765,11,185994
499,186262,2021-10-30,20:10:31.400000,189,66.486697,11,186262
500,186532,2021-10-30,20:10:31.700000,189,100.04073100000001,11,186532
501,186805,2021-10-30,20:10:31.900000,189,167.148799,11,186805
502,187076,2021-10-30,20:10:32.200000,189,133.594765,11,187076
503,187345,2021-10-30,20:10:32.500000,189,66.486697,11,187345
504,187621,2021-10-30,20:10:32.800000,189,100.04073100000001,11,187621
505,187896,2021-10-30,20:10:33,189,100.04073100000001,11,187896
506,188171,2021-10-30,20:10:33.300000,189,200.702833,11,188171
507,188445,2021-10-30,20:10:33.600000,190,167.148799,11,188445
508,188723,2021-10-30,20:10:33.900000,190,133.594765,11,188723
509,188993,2021-10-30,20:10:34.100000,190,133.594765,11,188993
510,189260,2021-10-30,20:10:34.400000,190,32.932663,11,189260
511,189535,2021-10-30,20:10:34.700000,190,133.594765,11,189535
512,189810,2021-10-30,20:10:35,190,32.932663,11,189810
513,190085,2021-10-30,20:10:35.200000,190,0.0,11,190085
514,190361,2021-10-30,20:10:35.500000,190,100.04073100000001,11,190361
515,190637,2021-10-30,20:10:35.800000,190,66.486697,11,190637
516,190911,2021-10-30,20:10:36.100000,190,234.256867,11,190911
517,191186,2021-10-30,20:10:36.300000,190,0.0,11,191186
518,191451,2021-10-30,20:10:36.600000,190,234.256867,11,191451
519,191727,2021-10-30,20:10:36.900000,190,167.148799,11,191727
520,192003,2021-10-30,20:10:37.100000,190,100.04073100000001,11,192003
521,192272,2021-10-30,20:10:37.400000,190,100.04073100000001,11,192272
522,192551,2021-10-30,20:10:37.700000,190,200.702833,11,192551
523,192822,2021-10-30,20:10:38,190,32.932663,11,192822
524,193107,2021-10-30,20:10:38.200000,190,32.932663,11,193107
525,193376,2021-10-30,20:10:38.500000,190,66.486697,11,193376
526,193651,2021-10-30,20:10:38.800000,190,133.594765,11,193651
527,193914,2021-10-30,20:10:39.100000,190,100.04073100000001,11,193914
528,194188,2021-10-30,20:10:39.300000,190,32.932663,11,194188
529,194452,2021-10-30,20:10:39.600000,190,66.486697,11,194452
530,194715,2021-10-30,20:10:39.900000,190,66.486697,11,194715
531,194990,2021-10-30,20:10:40.100000,190,32.932663,11,194990
532,195253,2021-10-30,20:10:40.400000,190,66.486697,11,195253
533,195529,2021-10-30,20:10:40.700000,190,100.04073100000001,11,195529
534,195798,2021-10-30,20:10:40.900000,190,133.594765,11,195798
535,196073,2021-10-30,20:10:41.200000,191,200.702833,11,196073
536,196342,2021-10-30,20:10:41.500000,191,200.702833,11,196342
537,196617,2021-10-30,20:10:41.800000,191,167.148799,11,196617
538,196892,2021-10-30,20:10:42,191,133.594765,11,196892
539,197173,2021-10-30,20:10:42.300000,191,66.486697,11,197173
540,197443,2021-10-30,20:10:42.600000,191,32.932663,11,197443
541,197711,2021-10-30,20:10:42.900000,191,133.594765,11,197711
542,197987,2021-10-30,20:10:43.100000,191,66.486697,11,197987
543,198256,2021-10-30,20:10:43.400000,191,234.256867,11,198256
544,198531,2021-10-30,20:10:43.700000,191,133.594765,11,198531
545,198794,2021-10-30,20:10:43.900000,191,100.04073100000001,11,198794
546,199081,2021-10-30,20:10:44.200000,191,100.04073100000001,11,199081
547,199353,2021-10-30,20:10:44.500000,191,66.486697,11,199353
548,199626,2021-10-30,20:10:44.800000,191,100.04073100000001,11,199626
549,199895,2021-10-30,20:10:45,191,267.810901,11,199895
550,200165,2021-10-30,20:10:45.300000,191,133.594765,11,200165
551,200433,2021-10-30,20:10:45.600000,191,234.256867,11,200433
552,200695,2021-10-30,20:10:45.800000,191,32.932663,11,200695
553,200971,2021-10-30,20:10:46.100000,191,32.932663,11,200971
554,201234,2021-10-30,20:10:46.400000,191,100.04073100000001,11,201234
555,201508,2021-10-30,20:10:46.700000,191,167.148799,11,201508
556,201773,2021-10-30,20:10:46.900000,191,200.702833,11,201773
557,202047,2021-10-30,20:10:47.200000,191,167.148799,11,202047
558,202310,2021-10-30,20:10:47.400000,191,200.702833,11,202310
559,202587,2021-10-30,20:10:47.700000,191,66.486697,11,202587
560,202855,2021-10-30,20:10:48,191,133.594765,11,202855
561,203130,2021-10-30,20:10:48.300000,191,0.0,11,203130
562,203405,2021-10-30,20:10:48.500000,191,0.0,11,203405
563,203673,2021-10-30,20:10:48.800000,191,100.04073100000001,11,203673
564,203951,2021-10-30,20:10:49.100000,191,66.486697,11,203951
565,204222,2021-10-30,20:10:49.400000,191,66.486697,11,204222
566,204506,2021-10-30,20:10:49.600000,191,167.148799,11,204506
567,204775,2021-10-30,20:10:49.900000,191,66.486697,11,204775
568,205056,2021-10-30,20:10:50.200000,191,100.04073100000001,11,205056
569,205332,2021-10-30,20:10:50.500000,191,167.148799,11,205332
570,205614,2021-10-30,20:10:50.800000,191,32.932663,11,205614
571,205884,2021-10-30,20:10:51,191,133.594765,11,205884
572,206150,2021-10-30,20:10:51.300000,191,167.148799,11,206150
573,206427,2021-10-30,20:10:51.600000,191,66.486697,11,206427
574,206696,2021-10-30,20:10:51.800000,191,167.148799,11,206696
575,206977,2021-10-30,20:10:52.100000,190,100.04073100000001,11,206977
576,207240,2021-10-30,20:10:52.400000,190,200.702833,11,207240
577,207514,2021-10-30,20:10:52.700000,190,66.486697,11,207514
578,207779,2021-10-30,20:10:52.900000,190,234.256867,11,207779
579,208063,2021-10-30,20:10:53.200000,191,66.486697,11,208063
580,208328,2021-10-30,20:10:53.500000,191,200.702833,11,208328
581,208602,2021-10-30,20:10:53.700000,191,66.486697,11,208602
582,208879,2021-10-30,20:10:54,191,0.0,11,208879
583,209155,2021-10-30,20:10:54.300000,191,100.04073100000001,11,209155
584,209442,2021-10-30,20:10:54.600000,191,66.486697,11,209442
585,209721,2021-10-30,20:10:54.900000,191,66.486697,11,209721
586,209992,2021-10-30,20:10:55.100000,191,100.04073100000001,11,209992
587,210270,2021-10-30,20:10:55.400000,191,66.486697,11,210270
588,210542,2021-10-30,20:10:55.700000,191,100.04073100000001,11,210542
589,210811,2021-10-30,20:10:56,191,100.04073100000001,11,210811
590,211085,2021-10-30,20:10:56.200000,191,66.486697,11,211085
591,211356,2021-10-30,20:10:56.500000,191,133.594765,11,211356
592,211632,2021-10-30,20:10:56.800000,191,133.594765,11,211632
593,211906,2021-10-30,20:10:57,191,100.04073100000001,11,211906
594,212169,2021-10-30,20:10:57.300000,191,66.486697,11,212169
595,212460,2021-10-30,20:10:57.600000,191,32.932663,11,212460
596,212732,2021-10-30,20:10:57.900000,191,100.04073100000001,11,212732
597,213008,2021-10-30,20:10:58.100000,191,133.594765,11,213008
598,213292,2021-10-30,20:10:58.400000,191,133.594765,11,213292
599,213564,2021-10-30,20:10:58.700000,191,32.932663,11,213564
600,213833,2021-10-30,20:10:59,191,66.486697,11,213833
601,214114,2021-10-30,20:10:59.300000,192,200.702833,11,214114
602,214384,2021-10-30,20:10:59.500000,192,167.148799,11,214384
603,214653,2021-10-30,20:10:59.800000,192,133.594765,11,214653
604,214928,2021-10-30,20:11:00.100000,192,133.594765,11,214928
605,215203,2021-10-30,20:11:00.300000,192,100.04073100000001,11,215203
606,215473,2021-10-30,20:11:00.600000,192,100.04073100000001,11,215473
607,215743,2021-10-30,20:11:00.900000,192,66.486697,11,215743
608,216020,2021-10-30,20:11:01.200000,192,32.932663,11,216020
609,216286,2021-10-30,20:11:01.400000,192,66.486697,11,216286
610,216637,2021-10-30,20:11:01.800000,192,100.04073100000001,11,216637
611,216901,2021-10-30,20:11:02,192,32.932663,11,216901
612,217170,2021-10-30,20:11:02.300000,192,167.148799,11,217170
613,217450,2021-10-30,20:11:02.600000,192,100.04073100000001,11,217450
614,217723,2021-10-30,20:11:02.900000,192,334.918969,11,217723
615,218003,2021-10-30,20:11:03.100000,192,100.04073100000001,11,218003
616,218271,2021-10-30,20:11:03.400000,192,167.148799,11,218271
617,218546,2021-10-30,20:11:03.700000,192,167.148799,11,218546
618,218813,2021-10-30,20:11:04,192,100.04073100000001,11,218813
619,219102,2021-10-30,20:11:04.200000,192,234.256867,11,219102
620,219371,2021-10-30,20:11:04.500000,192,66.486697,11,219371
621,219643,2021-10-30,20:11:04.800000,192,167.148799,11,219643
622,219915,2021-10-30,20:11:05.100000,192,536.243173,11,219915
623,220190,2021-10-30,20:11:05.300000,192,167.148799,11,220190
624,220479,2021-10-30,20:11:05.600000,192,200.702833,11,220479
625,220753,2021-10-30,20:11:05.900000,192,100.04073100000001,11,220753
626,221028,2021-10-30,20:11:06.200000,193,133.594765,12,221028
627,221303,2021-10-30,20:11:06.400000,193,200.702833,12,221303
628,221579,2021-10-30,20:11:06.700000,193,133.594765,12,221579
629,221854,2021-10-30,20:11:07,193,167.148799,12,221854
630,222135,2021-10-30,20:11:07.300000,193,234.256867,12,222135
631,222411,2021-10-30,20:11:07.500000,193,301.364935,12,222411
632,222686,2021-10-30,20:11:07.800000,193,66.486697,12,222686
633,222955,2021-10-30,20:11:08.100000,193,167.148799,12,222955
634,223229,2021-10-30,20:11:08.400000,193,301.364935,12,223229
635,223506,2021-10-30,20:11:08.600000,193,66.486697,12,223506
636,223775,2021-10-30,20:11:08.900000,193,267.810901,12,223775
637,224053,2021-10-30,20:11:09.200000,193,66.486697,12,224053
638,224320,2021-10-30,20:11:09.500000,193,234.256867,12,224320
639,224606,2021-10-30,20:11:09.700000,193,133.594765,12,224606
640,224870,2021-10-30,20:11:10,193,66.486697,12,224870
641,225145,2021-10-30,20:11:10.300000,193,66.486697,12,225145
642,225414,2021-10-30,20:11:10.600000,193,167.148799,12,225414
643,225683,2021-10-30,20:11:10.800000,193,66.486697,12,225683
644,225958,2021-10-30,20:11:11.100000,194,234.256867,12,225958
645,226233,2021-10-30,20:11:11.400000,194,167.148799,12,226233
646,226508,2021-10-30,20:11:11.600000,194,133.594765,12,226508
647,226770,2021-10-30,20:11:11.900000,194,66.486697,12,226770
648,227034,2021-10-30,20:11:12.200000,194,234.256867,12,227034
649,227302,2021-10-30,20:11:12.400000,194,100.04073100000001,12,227302
650,227580,2021-10-30,20:11:12.700000,194,200.702833,12,227580
651,227850,2021-10-30,20:11:13,194,66.486697,12,227850
652,228120,2021-10-30,20:11:13.300000,194,32.932663,12,228120
653,228391,2021-10-30,20:11:13.500000,194,66.486697,12,228391
654,228661,2021-10-30,20:11:13.800000,194,0.0,12,228661
655,228930,2021-10-30,20:11:14.100000,194,100.04073100000001,12,228930
656,229201,2021-10-30,20:11:14.300000,194,32.932663,12,229201
657,229474,2021-10-30,20:11:14.600000,194,32.932663,12,229474
658,229749,2021-10-30,20:11:14.900000,194,66.486697,12,229749
659,230024,2021-10-30,20:11:15.200000,194,167.148799,12,230024
660,230307,2021-10-30,20:11:15.400000,194,0.0,12,230307
661,230582,2021-10-30,20:11:15.700000,194,100.04073100000001,12,230582
662,230850,2021-10-30,20:11:16,194,66.486697,12,230850
663,231118,2021-10-30,20:11:16.300000,194,167.148799,12,231118
664,231388,2021-10-30,20:11:16.500000,194,133.594765,12,231388
665,231651,2021-10-30,20:11:16.800000,194,66.486697,12,231651
666,231925,2021-10-30,20:11:17.100000,194,133.594765,12,231925
667,232210,2021-10-30,20:11:17.300000,194,66.486697,12,232210
668,232488,2021-10-30,20:11:17.600000,194,66.486697,12,232488
669,232752,2021-10-30,20:11:17.900000,194,100.04073100000001,12,232752
670,233027,2021-10-30,20:11:18.200000,194,100.04073100000001,12,233027
671,233303,2021-10-30,20:11:18.400000,194,66.486697,12,233303
672,233584,2021-10-30,20:11:18.700000,194,234.256867,12,233584
673,233852,2021-10-30,20:11:19,194,100.04073100000001,12,233852
674,234119,2021-10-30,20:11:19.300000,194,200.702833,12,234119
675,234390,2021-10-30,20:11:19.500000,194,0.0,12,234390
676,234653,2021-10-30,20:11:19.800000,194,66.486697,12,234653
677,234929,2021-10-30,20:11:20.100000,194,32.932663,12,234929
678,235192,2021-10-30,20:11:20.300000,194,133.594765,12,235192
679,235467,2021-10-30,20:11:20.600000,194,32.932663,12,235467
680,235739,2021-10-30,20:11:20.900000,194,167.148799,12,235739
681,236014,2021-10-30,20:11:21.200000,194,66.486697,12,236014
682,236280,2021-10-30,20:11:21.400000,194,133.594765,12,236280
683,236560,2021-10-30,20:11:21.700000,194,0.0,12,236560
684,236830,2021-10-30,20:11:22,194,32.932663,12,236830
685,237093,2021-10-30,20:11:22.200000,194,66.486697,12,237093
686,237369,2021-10-30,20:11:22.500000,194,100.04073100000001,12,237369
687,237631,2021-10-30,20:11:22.800000,194,32.932663,12,237631
688,237907,2021-10-30,20:11:23,194,100.04073100000001,12,237907
689,238179,2021-10-30,20:11:23.300000,194,167.148799,12,238179
690,238451,2021-10-30,20:11:23.600000,194,0.0,12,238451
691,238721,2021-10-30,20:11:23.900000,194,66.486697,12,238721
692,238995,2021-10-30,20:11:24.100000,194,66.486697,12,238995
693,239270,2021-10-30,20:11:24.400000,194,167.148799,12,239270
694,239549,2021-10-30,20:11:24.700000,193,0.0,12,239549
695,239827,2021-10-30,20:11:25,193,200.702833,12,239827
696,240101,2021-10-30,20:11:25.200000,193,133.594765,12,240101
697,240371,2021-10-30,20:11:25.500000,193,200.702833,12,240371
698,240649,2021-10-30,20:11:25.800000,193,66.486697,12,240649
699,240922,2021-10-30,20:11:26.100000,193,100.04073100000001,12,240922
700,241191,2021-10-30,20:11:26.300000,193,133.594765,12,241191
701,241468,2021-10-30,20:11:26.600000,193,100.04073100000001,12,241468
702,241738,2021-10-30,20:11:26.900000,193,0.0,12,241738
703,242017,2021-10-30,20:11:27.200000,193,66.486697,12,242017
704,242287,2021-10-30,20:11:27.400000,193,66.486697,12,242287
705,242555,2021-10-30,20:11:27.700000,193,32.932663,12,242555
706,242830,2021-10-30,20:11:28,193,66.486697,12,242830
707,243093,2021-10-30,20:11:28.200000,193,32.932663,12,243093
708,243369,2021-10-30,20:11:28.500000,193,100.04073100000001,12,243369
709,243638,2021-10-30,20:11:28.800000,193,133.594765,12,243638
710,243912,2021-10-30,20:11:29,193,32.932663,12,243912
711,244178,2021-10-30,20:11:29.300000,193,100.04073100000001,12,244178
712,244459,2021-10-30,20:11:29.600000,193,200.702833,12,244459
713,244732,2021-10-30,20:11:29.900000,192,133.594765,12,244732
714,245006,2021-10-30,20:11:30.100000,192,200.702833,12,245006
715,245278,2021-10-30,20:11:30.400000,192,32.932663,12,245278
716,245550,2021-10-30,20:11:30.700000,192,167.148799,12,245550
717,245827,2021-10-30,20:11:31,192,167.148799,12,245827
718,246103,2021-10-30,20:11:31.200000,192,100.04073100000001,12,246103
719,246373,2021-10-30,20:11:31.500000,192,66.486697,12,246373
720,246640,2021-10-30,20:11:31.800000,192,0.0,12,246640
721,246918,2021-10-30,20:11:32.100000,192,66.486697,12,246918
722,247191,2021-10-30,20:11:32.300000,192,66.486697,12,247191
723,247471,2021-10-30,20:11:32.600000,192,32.932663,12,247471
724,247741,2021-10-30,20:11:32.900000,192,133.594765,12,247741
725,248017,2021-10-30,20:11:33.200000,192,66.486697,12,248017
726,248304,2021-10-30,20:11:33.400000,192,100.04073100000001,12,248304
727,248567,2021-10-30,20:11:33.700000,191,100.04073100000001,12,248567
728,248842,2021-10-30,20:11:34,191,200.702833,12,248842
729,249112,2021-10-30,20:11:34.300000,191,66.486697,12,249112
730,249388,2021-10-30,20:11:34.500000,191,167.148799,12,249388
731,249658,2021-10-30,20:11:34.800000,191,66.486697,12,249658
732,249931,2021-10-30,20:11:35.100000,191,267.810901,12,249931
733,250207,2021-10-30,20:11:35.300000,191,66.486697,12,250207
734,250487,2021-10-30,20:11:35.600000,191,100.04073100000001,12,250487
735,250758,2021-10-30,20:11:35.900000,191,234.256867,12,250758
736,251032,2021-10-30,20:11:36.200000,191,200.702833,12,251032
737,251314,2021-10-30,20:11:36.500000,191,167.148799,12,251314
738,251589,2021-10-30,20:11:36.700000,191,0.0,12,251589
739,251864,2021-10-30,20:11:37,191,200.702833,12,251864
740,252148,2021-10-30,20:11:37.300000,191,0.0,12,252148
741,252421,2021-10-30,20:11:37.600000,191,133.594765,12,252421
742,252704,2021-10-30,20:11:37.800000,190,66.486697,12,252704
743,252980,2021-10-30,20:11:38.100000,190,0.0,12,252980
744,253249,2021-10-30,20:11:38.400000,190,133.594765,12,253249
745,253522,2021-10-30,20:11:38.700000,190,200.702833,12,253522
746,253791,2021-10-30,20:11:38.900000,190,100.04073100000001,12,253791
747,254067,2021-10-30,20:11:39.200000,190,100.04073100000001,12,254067
748,254349,2021-10-30,20:11:39.500000,190,66.486697,12,254349
749,254619,2021-10-30,20:11:39.800000,190,200.702833,12,254619
750,254907,2021-10-30,20:11:40,190,66.486697,12,254907
751,255174,2021-10-30,20:11:40.300000,190,32.932663,12,255174
752,255458,2021-10-30,20:11:40.600000,190,66.486697,12,255458
753,255731,2021-10-30,20:11:40.900000,190,66.486697,12,255731
754,256011,2021-10-30,20:11:41.100000,190,66.486697,12,256011
755,256278,2021-10-30,20:11:41.400000,190,32.932663,12,256278
756,256550,2021-10-30,20:11:41.700000,190,32.932663,12,256550
757,256833,2021-10-30,20:11:42,190,32.932663,12,256833
758,257107,2021-10-30,20:11:42.200000,190,66.486697,12,257107
759,257383,2021-10-30,20:11:42.500000,190,234.256867,12,257383
760,257650,2021-10-30,20:11:42.800000,190,133.594765,12,257650
761,257965,2021-10-30,20:11:43.100000,190,32.932663,12,257965
762,258239,2021-10-30,20:11:43.400000,190,234.256867,12,258239
763,258508,2021-10-30,20:11:43.600000,190,200.702833,12,258508
764,258784,2021-10-30,20:11:43.900000,190,66.486697,12,258784
765,259058,2021-10-30,20:11:44.200000,190,66.486697,12,259058
766,259338,2021-10-30,20:11:44.500000,190,100.04073100000001,12,259338
767,259604,2021-10-30,20:11:44.700000,190,133.594765,12,259604
768,259878,2021-10-30,20:11:45,190,167.148799,12,259878
769,260151,2021-10-30,20:11:45.300000,190,32.932663,12,260151
770,260428,2021-10-30,20:11:45.600000,190,0.0,12,260428
771,260691,2021-10-30,20:11:45.800000,190,32.932663,12,260691
772,260967,2021-10-30,20:11:46.100000,190,66.486697,12,260967
773,261229,2021-10-30,20:11:46.400000,190,100.04073100000001,12,261229
774,261502,2021-10-30,20:11:46.600000,190,66.486697,12,261502
775,261768,2021-10-30,20:11:46.900000,190,133.594765,12,261768
776,262035,2021-10-30,20:11:47.200000,190,66.486697,12,262035
777,262305,2021-10-30,20:11:47.400000,190,100.04073100000001,12,262305
778,262581,2021-10-30,20:11:47.700000,190,100.04073100000001,12,262581
779,262856,2021-10-30,20:11:48,190,133.594765,12,262856
780,263132,2021-10-30,20:11:48.300000,190,66.486697,12,263132
781,263406,2021-10-30,20:11:48.500000,190,66.486697,12,263406
782,263669,2021-10-30,20:11:48.800000,190,100.04073100000001,12,263669
783,263949,2021-10-30,20:11:49.100000,190,0.0,12,263949
784,264214,2021-10-30,20:11:49.400000,190,0.0,12,264214
785,264503,2021-10-30,20:11:49.600000,190,100.04073100000001,12,264503
786,264770,2021-10-30,20:11:49.900000,190,100.04073100000001,12,264770
787,265049,2021-10-30,20:11:50.200000,190,32.932663,12,265049
788,265327,2021-10-30,20:11:50.500000,190,100.04073100000001,12,265327
789,265601,2021-10-30,20:11:50.700000,190,32.932663,12,265601
790,265871,2021-10-30,20:11:51,190,100.04073100000001,12,265871
791,266148,2021-10-30,20:11:51.300000,190,32.932663,12,266148
792,266423,2021-10-30,20:11:51.600000,190,0.0,12,266423
793,266691,2021-10-30,20:11:51.800000,191,133.594765,12,266691
794,266967,2021-10-30,20:11:52.100000,191,66.486697,12,266967
795,267236,2021-10-30,20:11:52.400000,191,32.932663,12,267236
796,267510,2021-10-30,20:11:52.700000,191,167.148799,12,267510
797,267787,2021-10-30,20:11:52.900000,191,100.04073100000001,12,267787
798,268057,2021-10-30,20:11:53.200000,191,167.148799,12,268057
799,268331,2021-10-30,20:11:53.500000,191,66.486697,12,268331
800,268606,2021-10-30,20:11:53.700000,191,133.594765,12,268606
801,268880,2021-10-30,20:11:54,191,200.702833,12,268880
802,269149,2021-10-30,20:11:54.300000,191,167.148799,12,269149
803,269425,2021-10-30,20:11:54.600000,191,200.702833,12,269425
804,269703,2021-10-30,20:11:54.800000,191,32.932663,12,269703
805,269981,2021-10-30,20:11:55.100000,191,0.0,12,269981
806,270252,2021-10-30,20:11:55.400000,191,66.486697,12,270252
807,270531,2021-10-30,20:11:55.700000,191,133.594765,12,270531
808,270802,2021-10-30,20:11:55.900000,191,100.04073100000001,12,270802
809,271077,2021-10-30,20:11:56.200000,191,100.04073100000001,12,271077
810,271352,2021-10-30,20:11:56.500000,191,133.594765,12,271352
811,271627,2021-10-30,20:11:56.800000,191,66.486697,12,271627
812,271903,2021-10-30,20:11:57,191,100.04073100000001,12,271903
813,272178,2021-10-30,20:11:57.300000,191,100.04073100000001,12,272178
814,272453,2021-10-30,20:11:57.600000,191,66.486697,12,272453
815,272728,2021-10-30,20:11:57.900000,191,167.148799,12,272728
816,273008,2021-10-30,20:11:58.100000,191,66.486697,12,273008
817,273280,2021-10-30,20:11:58.400000,191,100.04073100000001,12,273280
818,273553,2021-10-30,20:11:58.700000,191,0.0,12,273553
819,273829,2021-10-30,20:11:59,191,66.486697,12,273829
820,274092,2021-10-30,20:11:59.200000,191,66.486697,12,274092
821,274367,2021-10-30,20:11:59.500000,191,0.0,12,274367
822,274630,2021-10-30,20:11:59.800000,191,0.0,12,274630
823,274905,2021-10-30,20:12:00,191,133.594765,12,274905
824,275168,2021-10-30,20:12:00.300000,191,100.04073100000001,12,275168
825,275431,2021-10-30,20:12:00.600000,191,66.486697,12,275431
826,275694,2021-10-30,20:12:00.800000,190,334.918969,12,275694
827,275975,2021-10-30,20:12:01.100000,190,100.04073100000001,12,275975
828,276247,2021-10-30,20:12:01.400000,190,167.148799,12,276247
829,276513,2021-10-30,20:12:01.700000,190,32.932663,12,276513
830,276807,2021-10-30,20:12:01.900000,190,167.148799,12,276807
831,277070,2021-10-30,20:12:02.200000,190,100.04073100000001,12,277070
832,277346,2021-10-30,20:12:02.500000,190,100.04073100000001,12,277346
833,277608,2021-10-30,20:12:02.700000,190,100.04073100000001,12,277608
834,277882,2021-10-30,20:12:03,190,200.702833,12,277882
835,278146,2021-10-30,20:12:03.300000,190,32.932663,12,278146
836,278415,2021-10-30,20:12:03.600000,190,133.594765,12,278415
837,278685,2021-10-30,20:12:03.800000,190,32.932663,12,278685
838,278957,2021-10-30,20:12:04.100000,190,133.594765,12,278957
839,279229,2021-10-30,20:12:04.400000,190,100.04073100000001,12,279229
840,279505,2021-10-30,20:12:04.600000,190,66.486697,12,279505
841,279785,2021-10-30,20:12:04.900000,190,234.256867,12,279785
842,280048,2021-10-30,20:12:05.200000,190,66.486697,12,280048
843,280323,2021-10-30,20:12:05.500000,190,32.932663,12,280323
844,280606,2021-10-30,20:12:05.700000,190,167.148799,12,280606
845,280880,2021-10-30,20:12:06,190,167.148799,12,280880
846,281149,2021-10-30,20:12:06.300000,190,100.04073100000001,12,281149
847,281416,2021-10-30,20:12:06.600000,190,133.594765,12,281416
848,281680,2021-10-30,20:12:06.800000,190,66.486697,12,281680
849,281950,2021-10-30,20:12:07.100000,190,167.148799,12,281950
850,282225,2021-10-30,20:12:07.400000,190,66.486697,12,282225
851,282487,2021-10-30,20:12:07.600000,190,133.594765,12,282487
852,282763,2021-10-30,20:12:07.900000,190,133.594765,12,282763
853,283026,2021-10-30,20:12:08.200000,190,200.702833,12,283026
854,283300,2021-10-30,20:12:08.400000,190,0.0,12,283300
855,283570,2021-10-30,20:12:08.700000,190,368.473003,12,283570
856,283851,2021-10-30,20:12:09,190,133.594765,12,283851
857,284115,2021-10-30,20:12:09.300000,190,267.810901,12,284115
858,284390,2021-10-30,20:12:09.500000,190,32.932663,12,284390
859,284664,2021-10-30,20:12:09.800000,190,100.04073100000001,12,284664
860,284928,2021-10-30,20:12:10.100000,190,133.594765,12,284928
861,285204,2021-10-30,20:12:10.300000,189,100.04073100000001,12,285204
862,285478,2021-10-30,20:12:10.600000,189,100.04073100000001,12,285478
863,285756,2021-10-30,20:12:10.900000,189,301.364935,12,285756
864,286028,2021-10-30,20:12:11.200000,189,0.0,12,286028
865,286291,2021-10-30,20:12:11.400000,189,100.04073100000001,12,286291
866,286567,2021-10-30,20:12:11.700000,189,66.486697,12,286567
867,286849,2021-10-30,20:12:12,189,66.486697,12,286849
868,287118,2021-10-30,20:12:12.300000,189,66.486697,12,287118
869,287392,2021-10-30,20:12:12.500000,189,100.04073100000001,12,287392
870,287668,2021-10-30,20:12:12.800000,189,100.04073100000001,12,287668
871,287931,2021-10-30,20:12:13.100000,189,200.702833,12,287931
872,288205,2021-10-30,20:12:13.300000,189,301.364935,12,288205
873,288468,2021-10-30,20:12:13.600000,189,66.486697,12,288468
874,288732,2021-10-30,20:12:13.900000,189,66.486697,12,288732
875,289006,2021-10-30,20:12:14.100000,189,32.932663,12,289006
876,289275,2021-10-30,20:12:14.400000,189,0.0,12,289275
877,289546,2021-10-30,20:12:14.700000,189,66.486697,12,289546
878,289817,2021-10-30,20:12:15,189,0.0,12,289817
879,290098,2021-10-30,20:12:15.200000,189,133.594765,12,290098
880,290366,2021-10-30,20:12:15.500000,189,133.594765,12,290366
881,290646,2021-10-30,20:12:15.800000,189,32.932663,12,290646
882,290909,2021-10-30,20:12:16,188,167.148799,12,290909
883,291184,2021-10-30,20:12:16.300000,188,167.148799,12,291184
884,291452,2021-10-30,20:12:16.600000,188,66.486697,12,291452
885,291722,2021-10-30,20:12:16.900000,188,66.486697,12,291722
886,291991,2021-10-30,20:12:17.100000,188,32.932663,12,291991
887,292272,2021-10-30,20:12:17.400000,188,100.04073100000001,12,292272
888,292536,2021-10-30,20:12:17.700000,188,234.256867,12,292536
889,292804,2021-10-30,20:12:17.900000,188,133.594765,12,292804
890,293076,2021-10-30,20:12:18.200000,188,66.486697,12,293076
891,293348,2021-10-30,20:12:18.500000,188,133.594765,12,293348
892,293618,2021-10-30,20:12:18.800000,188,66.486697,12,293618
893,293898,2021-10-30,20:12:19,188,167.148799,12,293898
894,294187,2021-10-30,20:12:19.300000,188,32.932663,12,294187
895,294450,2021-10-30,20:12:19.600000,188,32.932663,12,294450
896,294729,2021-10-30,20:12:19.900000,188,32.932663,12,294729
897,294999,2021-10-30,20:12:20.100000,188,32.932663,12,294999
898,295270,2021-10-30,20:12:20.400000,188,32.932663,12,295270
899,295547,2021-10-30,20:12:20.700000,188,100.04073100000001,12,295547
900,295816,2021-10-30,20:12:21,188,66.486697,12,295816
901,296089,2021-10-30,20:12:21.200000,188,66.486697,12,296089
902,296365,2021-10-30,20:12:21.500000,188,100.04073100000001,12,296365
903,296648,2021-10-30,20:12:21.800000,188,133.594765,12,296648
904,296914,2021-10-30,20:12:22.100000,188,0.0,12,296914
905,297184,2021-10-30,20:12:22.300000,188,66.486697,12,297184
906,297452,2021-10-30,20:12:22.600000,188,100.04073100000001,12,297452
907,297720,2021-10-30,20:12:22.900000,188,133.594765,12,297720
908,297990,2021-10-30,20:12:23.100000,188,200.702833,12,297990
909,298255,2021-10-30,20:12:23.400000,188,234.256867,12,298255
910,298529,2021-10-30,20:12:23.700000,188,167.148799,12,298529
911,298804,2021-10-30,20:12:23.900000,188,32.932663,12,298804
912,299079,2021-10-30,20:12:24.200000,188,133.594765,12,299079
913,299348,2021-10-30,20:12:24.500000,188,368.473003,12,299348
914,299625,2021-10-30,20:12:24.800000,188,234.256867,12,299625
915,299892,2021-10-30,20:12:25,188,234.256867,12,299892
916,300167,2021-10-30,20:12:25.300000,188,100.04073100000001,12,300167
917,300430,2021-10-30,20:12:25.600000,188,66.486697,12,300430
918,300701,2021-10-30,20:12:25.800000,188,0.0,12,300701
919,300980,2021-10-30,20:12:26.100000,188,334.918969,12,300980
920,301251,2021-10-30,20:12:26.400000,188,100.04073100000001,12,301251
921,301527,2021-10-30,20:12:26.700000,188,0.0,12,301527
922,301797,2021-10-30,20:12:26.900000,188,234.256867,12,301797
923,302069,2021-10-30,20:12:27.200000,188,100.04073100000001,12,302069
924,302345,2021-10-30,20:12:27.500000,188,133.594765,12,302345
925,302620,2021-10-30,20:12:27.800000,188,234.256867,12,302620
926,302902,2021-10-30,20:12:28,188,167.148799,12,302902
927,303174,2021-10-30,20:12:28.300000,188,66.486697,12,303174
928,303446,2021-10-30,20:12:28.600000,188,133.594765,12,303446
929,303721,2021-10-30,20:12:28.900000,188,32.932663,12,303721
930,304005,2021-10-30,20:12:29.100000,188,66.486697,12,304005
931,304271,2021-10-30,20:12:29.400000,188,267.810901,12,304271
932,304547,2021-10-30,20:12:29.700000,188,100.04073100000001,12,304547
933,304822,2021-10-30,20:12:30,188,368.473003,12,304822
934,305105,2021-10-30,20:12:30.200000,188,66.486697,12,305105
935,305374,2021-10-30,20:12:30.500000,188,100.04073100000001,12,305374
936,305648,2021-10-30,20:12:30.800000,188,32.932663,12,305648
937,305916,2021-10-30,20:12:31.100000,188,100.04073100000001,12,305916
938,306192,2021-10-30,20:12:31.300000,188,267.810901,12,306192
939,306461,2021-10-30,20:12:31.600000,188,100.04073100000001,12,306461
940,306723,2021-10-30,20:12:31.900000,188,167.148799,12,306723
941,307000,2021-10-30,20:12:32.100000,188,66.486697,12,307000
942,307275,2021-10-30,20:12:32.400000,188,133.594765,12,307275
943,307550,2021-10-30,20:12:32.700000,188,100.04073100000001,12,307550
944,307825,2021-10-30,20:12:33,188,167.148799,12,307825
945,308098,2021-10-30,20:12:33.200000,188,66.486697,12,308098
946,308364,2021-10-30,20:12:33.500000,188,167.148799,12,308364
947,308640,2021-10-30,20:12:33.800000,188,234.256867,12,308640
948,308907,2021-10-30,20:12:34,188,66.486697,12,308907
949,309176,2021-10-30,20:12:34.300000,188,32.932663,12,309176
950,309452,2021-10-30,20:12:34.600000,188,334.918969,12,309452
951,309728,2021-10-30,20:12:34.900000,188,66.486697,12,309728
952,310002,2021-10-30,20:12:35.100000,188,167.148799,12,310002
953,310264,2021-10-30,20:12:35.400000,188,100.04073100000001,12,310264
954,310537,2021-10-30,20:12:35.700000,188,267.810901,12,310537
955,310804,2021-10-30,20:12:35.900000,188,66.486697,12,310804
956,311088,2021-10-30,20:12:36.200000,188,301.364935,12,311088
957,311355,2021-10-30,20:12:36.500000,188,368.473003,12,311355
958,311633,2021-10-30,20:12:36.800000,188,200.702833,12,311633
959,311905,2021-10-30,20:12:37,188,267.810901,12,311905
960,312175,2021-10-30,20:12:37.300000,188,402.027037,12,312175
961,312449,2021-10-30,20:12:37.600000,188,402.027037,12,312449
962,312724,2021-10-30,20:12:37.900000,188,100.04073100000001,12,312724
963,313012,2021-10-30,20:12:38.100000,188,167.148799,12,313012
964,313287,2021-10-30,20:12:38.400000,188,234.256867,12,313287
965,313564,2021-10-30,20:12:38.700000,188,0.0,12,313564
966,313831,2021-10-30,20:12:39,188,267.810901,12,313831
967,314101,2021-10-30,20:12:39.200000,188,66.486697,12,314101
968,314369,2021-10-30,20:12:39.500000,188,804.675445,12,314369
969,314645,2021-10-30,20:12:39.800000,188,66.486697,12,314645
970,314919,2021-10-30,20:12:40.100000,188,0.0,12,314919
971,315190,2021-10-30,20:12:40.300000,188,200.702833,12,315190
972,315457,2021-10-30,20:12:40.600000,188,234.256867,12,315457
973,315726,2021-10-30,20:12:40.900000,188,267.810901,12,315726
974,316002,2021-10-30,20:12:41.100000,188,133.594765,12,316002
975,316271,2021-10-30,20:12:41.400000,189,334.918969,12,316271
976,316556,2021-10-30,20:12:41.700000,188,301.364935,12,316556
977,316827,2021-10-30,20:12:42,188,32.932663,12,316827
978,317110,2021-10-30,20:12:42.200000,188,301.364935,12,317110
979,317384,2021-10-30,20:12:42.500000,188,100.04073100000001,12,317384
980,317660,2021-10-30,20:12:42.800000,188,66.486697,12,317660
981,317928,2021-10-30,20:12:43.100000,188,133.594765,12,317928
982,318204,2021-10-30,20:12:43.300000,188,32.932663,12,318204
983,318485,2021-10-30,20:12:43.600000,188,66.486697,12,318485
984,318748,2021-10-30,20:12:43.900000,188,0.0,12,318748
985,319030,2021-10-30,20:12:44.200000,188,167.148799,12,319030
986,319298,2021-10-30,20:12:44.400000,188,133.594765,12,319298
987,319581,2021-10-30,20:12:44.700000,188,100.04073100000001,12,319581
988,319849,2021-10-30,20:12:45,188,167.148799,12,319849
989,320124,2021-10-30,20:12:45.300000,188,66.486697,12,320124
990,320399,2021-10-30,20:12:45.500000,187,66.486697,12,320399
991,320669,2021-10-30,20:12:45.800000,187,133.594765,12,320669
992,320947,2021-10-30,20:12:46.100000,187,100.04073100000001,12,320947
993,321213,2021-10-30,20:12:46.300000,187,133.594765,12,321213
994,321488,2021-10-30,20:12:46.600000,187,100.04073100000001,12,321488
995,321763,2021-10-30,20:12:46.900000,187,66.486697,12,321763
996,322033,2021-10-30,20:12:47.200000,187,200.702833,12,322033
997,322304,2021-10-30,20:12:47.400000,187,133.594765,12,322304
998,322582,2021-10-30,20:12:47.700000,187,167.148799,12,322582
999,322854,2021-10-30,20:12:48,187,100.04073100000001,12,322854
1000,323127,2021-10-30,20:12:48.300000,187,200.702833,12,323127
1001,323403,2021-10-30,20:12:48.500000,187,301.364935,12,323403
1002,323678,2021-10-30,20:12:48.800000,187,167.148799,12,323678
1003,323954,2021-10-30,20:12:49.100000,187,133.594765,12,323954
1004,324229,2021-10-30,20:12:49.400000,187,66.486697,12,324229
1005,324509,2021-10-30,20:12:49.600000,187,66.486697,12,324509
1006,324774,2021-10-30,20:12:49.900000,187,200.702833,12,324774
1007,325048,2021-10-30,20:12:50.200000,187,133.594765,12,325048
1008,325323,2021-10-30,20:12:50.500000,187,234.256867,12,325323
1009,325595,2021-10-30,20:12:50.700000,187,100.04073100000001,12,325595
1010,325886,2021-10-30,20:12:51,187,32.932663,12,325886
1011,326155,2021-10-30,20:12:51.300000,186,167.148799,12,326155
1012,326433,2021-10-30,20:12:51.600000,186,133.594765,12,326433
1013,326706,2021-10-30,20:12:51.800000,186,66.486697,12,326706
1014,326982,2021-10-30,20:12:52.100000,186,133.594765,12,326982
1015,327250,2021-10-30,20:12:52.400000,186,32.932663,12,327250
1016,327514,2021-10-30,20:12:52.600000,186,100.04073100000001,12,327514
1017,327788,2021-10-30,20:12:52.900000,186,0.0,12,327788
1018,328070,2021-10-30,20:12:53.200000,186,133.594765,12,328070
1019,328345,2021-10-30,20:12:53.500000,186,133.594765,12,328345
1020,328620,2021-10-30,20:12:53.800000,186,100.04073100000001,12,328620
1021,328905,2021-10-30,20:12:54,186,32.932663,12,328905
1022,329172,2021-10-30,20:12:54.300000,186,32.932663,12,329172
1023,329456,2021-10-30,20:12:54.600000,186,200.702833,12,329456
1024,329728,2021-10-30,20:12:54.900000,186,167.148799,12,329728
1025,330001,2021-10-30,20:12:55.100000,186,0.0,12,330001
1026,330265,2021-10-30,20:12:55.400000,186,133.594765,12,330265
1027,330529,2021-10-30,20:12:55.700000,186,167.148799,12,330529
1028,330834,2021-10-30,20:12:56,186,167.148799,12,330834
1029,331109,2021-10-30,20:12:56.200000,186,267.810901,12,331109
1030,331385,2021-10-30,20:12:56.500000,186,133.594765,12,331385
1031,331648,2021-10-30,20:12:56.800000,186,32.932663,12,331648
1032,331917,2021-10-30,20:12:57,186,66.486697,12,331917
1033,332186,2021-10-30,20:12:57.300000,186,66.486697,12,332186
1034,332453,2021-10-30,20:12:57.600000,186,0.0,12,332453
1035,332724,2021-10-30,20:12:57.900000,186,100.04073100000001,12,332724
1036,332987,2021-10-30,20:12:58.100000,186,32.932663,12,332987
1037,333261,2021-10-30,20:12:58.400000,186,100.04073100000001,12,333261
1038,333524,2021-10-30,20:12:58.700000,186,0.0,12,333524
1039,333800,2021-10-30,20:12:58.900000,186,100.04073100000001,12,333800
1040,334063,2021-10-30,20:12:59.200000,186,0.0,12,334063
1041,334334,2021-10-30,20:12:59.500000,186,32.932663,12,334334
1042,334602,2021-10-30,20:12:59.700000,186,100.04073100000001,12,334602
1043,334883,2021-10-30,20:13:00,186,167.148799,12,334883
1044,335154,2021-10-30,20:13:00.300000,186,167.148799,12,335154
1045,335432,2021-10-30,20:13:00.600000,185,32.932663,12,335432
1046,335702,2021-10-30,20:13:00.800000,185,0.0,12,335702
1047,335965,2021-10-30,20:13:01.100000,185,167.148799,12,335965
1048,336240,2021-10-30,20:13:01.400000,185,133.594765,12,336240
1049,336502,2021-10-30,20:13:01.600000,185,32.932663,12,336502
1050,336785,2021-10-30,20:13:01.900000,185,167.148799,12,336785
1051,337059,2021-10-30,20:13:02.200000,185,32.932663,12,337059
1052,337343,2021-10-30,20:13:02.500000,185,32.932663,12,337343
1053,337614,2021-10-30,20:13:02.800000,185,301.364935,12,337614
1054,337895,2021-10-30,20:13:03,185,167.148799,12,337895
1055,338162,2021-10-30,20:13:03.300000,185,100.04073100000001,12,338162
1056,338429,2021-10-30,20:13:03.600000,185,0.0,12,338429
1057,338705,2021-10-30,20:13:03.800000,185,133.594765,12,338705
1058,338968,2021-10-30,20:13:04.100000,185,66.486697,12,338968
1059,339243,2021-10-30,20:13:04.400000,186,66.486697,12,339243
1060,339506,2021-10-30,20:13:04.600000,186,133.594765,12,339506
1061,339781,2021-10-30,20:13:04.900000,186,100.04073100000001,12,339781
1062,340049,2021-10-30,20:13:05.200000,186,66.486697,12,340049
1063,340319,2021-10-30,20:13:05.500000,186,32.932663,12,340319
1064,340588,2021-10-30,20:13:05.700000,186,0.0,12,340588
1065,340869,2021-10-30,20:13:06,186,133.594765,12,340869
1066,341134,2021-10-30,20:13:06.300000,186,133.594765,12,341134
1067,341401,2021-10-30,20:13:06.500000,186,133.594765,12,341401
1068,341670,2021-10-30,20:13:06.800000,186,32.932663,12,341670
1069,341946,2021-10-30,20:13:07.100000,186,32.932663,12,341946
1070,342216,2021-10-30,20:13:07.400000,186,133.594765,12,342216
1071,342483,2021-10-30,20:13:07.600000,186,66.486697,12,342483
1072,342756,2021-10-30,20:13:07.900000,186,200.702833,12,342756
1073,343021,2021-10-30,20:13:08.200000,186,32.932663,12,343021
1074,343284,2021-10-30,20:13:08.400000,186,66.486697,12,343284
1075,343560,2021-10-30,20:13:08.700000,186,100.04073100000001,12,343560
1076,343834,2021-10-30,20:13:09,186,66.486697,12,343834
1077,344097,2021-10-30,20:13:09.200000,186,100.04073100000001,12,344097
1078,344368,2021-10-30,20:13:09.500000,186,0.0,12,344368
1079,344636,2021-10-30,20:13:09.800000,186,133.594765,12,344636
1080,344898,2021-10-30,20:13:10,186,167.148799,12,344898
1081,345174,2021-10-30,20:13:10.300000,186,200.702833,12,345174
1082,345437,2021-10-30,20:13:10.600000,186,32.932663,12,345437
1083,345712,2021-10-30,20:13:10.800000,186,100.04073100000001,12,345712
1084,345988,2021-10-30,20:13:11.100000,186,66.486697,12,345988
1085,346268,2021-10-30,20:13:11.400000,186,32.932663,12,346268
1086,346537,2021-10-30,20:13:11.700000,186,167.148799,12,346537
1087,346821,2021-10-30,20:13:12,186,100.04073100000001,12,346821
1088,347102,2021-10-30,20:13:12.200000,186,234.256867,12,347102
1089,347375,2021-10-30,20:13:12.500000,186,32.932663,12,347375
1090,347653,2021-10-30,20:13:12.800000,186,100.04073100000001,12,347653
1091,347926,2021-10-30,20:13:13.100000,186,133.594765,12,347926
1092,348201,2021-10-30,20:13:13.300000,186,133.594765,12,348201
1093,348465,2021-10-30,20:13:13.600000,186,200.702833,12,348465
1094,348735,2021-10-30,20:13:13.900000,186,133.594765,12,348735
1095,349002,2021-10-30,20:13:14.100000,186,66.486697,12,349002
1096,349342,2021-10-30,20:13:14.500000,186,66.486697,12,349342
1097,349625,2021-10-30,20:13:14.800000,186,100.04073100000001,12,349625
1098,349894,2021-10-30,20:13:15,186,133.594765,12,349894
1099,350167,2021-10-30,20:13:15.300000,186,66.486697,12,350167
1100,350442,2021-10-30,20:13:15.600000,186,66.486697,12,350442
1101,350716,2021-10-30,20:13:15.900000,186,100.04073100000001,12,350716
1102,350985,2021-10-30,20:13:16.100000,186,66.486697,12,350985
1103,351262,2021-10-30,20:13:16.400000,186,66.486697,12,351262
1104,351533,2021-10-30,20:13:16.700000,186,32.932663,12,351533
1105,351805,2021-10-30,20:13:16.900000,186,200.702833,12,351805
1106,352068,2021-10-30,20:13:17.200000,186,200.702833,12,352068
1107,352344,2021-10-30,20:13:17.500000,186,100.04073100000001,12,352344
1108,352627,2021-10-30,20:13:17.800000,186,234.256867,12,352627
1109,352901,2021-10-30,20:13:18,186,133.594765,12,352901
1110,353181,2021-10-30,20:13:18.300000,186,133.594765,12,353181
1111,353444,2021-10-30,20:13:18.600000,186,133.594765,12,353444
1112,353719,2021-10-30,20:13:18.900000,186,100.04073100000001,12,353719
1113,353982,2021-10-30,20:13:19.100000,186,133.594765,12,353982
1114,354245,2021-10-30,20:13:19.400000,186,267.810901,12,354245
1115,354521,2021-10-30,20:13:19.700000,186,0.0,12,354521
1116,354795,2021-10-30,20:13:19.900000,186,0.0,12,354795
1117,355059,2021-10-30,20:13:20.200000,186,267.810901,12,355059
1118,355334,2021-10-30,20:13:20.500000,187,167.148799,12,355334
1119,355609,2021-10-30,20:13:20.700000,187,100.04073100000001,12,355609
1120,355884,2021-10-30,20:13:21,187,100.04073100000001,12,355884
1121,356160,2021-10-30,20:13:21.300000,187,133.594765,12,356160
1122,356429,2021-10-30,20:13:21.600000,187,234.256867,12,356429
1123,356697,2021-10-30,20:13:21.800000,187,502.689139,12,356697
1124,356960,2021-10-30,20:13:22.100000,187,200.702833,12,356960
1125,357229,2021-10-30,20:13:22.400000,187,133.594765,12,357229
1126,357498,2021-10-30,20:13:22.600000,187,133.594765,12,357498
1127,357761,2021-10-30,20:13:22.900000,187,133.594765,12,357761
1128,358036,2021-10-30,20:13:23.200000,187,267.810901,12,358036
1129,358312,2021-10-30,20:13:23.500000,187,267.810901,12,358312
1130,358587,2021-10-30,20:13:23.700000,187,133.594765,12,358587
1131,358861,2021-10-30,20:13:24,187,32.932663,12,358861
1132,359137,2021-10-30,20:13:24.300000,187,301.364935,12,359137
1133,359400,2021-10-30,20:13:24.500000,187,167.148799,12,359400
1134,359668,2021-10-30,20:13:24.800000,187,234.256867,12,359668
1135,359938,2021-10-30,20:13:25.100000,187,133.594765,12,359938
1136,360201,2021-10-30,20:13:25.300000,187,368.473003,12,360201
1137,360476,2021-10-30,20:13:25.600000,187,100.04073100000001,12,360476
1138,360744,2021-10-30,20:13:25.900000,187,234.256867,12,360744
1139,361020,2021-10-30,20:13:26.200000,187,100.04073100000001,12,361020
1140,361284,2021-10-30,20:13:26.400000,187,32.932663,12,361284
1141,361559,2021-10-30,20:13:26.700000,187,133.594765,12,361559
1142,361827,2021-10-30,20:13:27,187,66.486697,12,361827
1143,362098,2021-10-30,20:13:27.200000,187,0.0,12,362098
1144,362365,2021-10-30,20:13:27.500000,187,133.594765,12,362365
1145,362642,2021-10-30,20:13:27.800000,187,167.148799,12,362642
1146,362915,2021-10-30,20:13:28.100000,187,200.702833,12,362915
1147,363185,2021-10-30,20:13:28.300000,186,167.148799,12,363185
1148,363466,2021-10-30,20:13:28.600000,186,32.932663,12,363466
1149,363742,2021-10-30,20:13:28.900000,186,133.594765,12,363742
1150,364005,2021-10-30,20:13:29.100000,186,100.04073100000001,12,364005
1151,364280,2021-10-30,20:13:29.400000,186,569.797207,12,364280
1152,364570,2021-10-30,20:13:29.700000,186,133.594765,12,364570
1153,364843,2021-10-30,20:13:30,186,133.594765,12,364843
1154,365106,2021-10-30,20:13:30.200000,186,0.0,12,365106
1155,365380,2021-10-30,20:13:30.500000,186,133.594765,12,365380
1156,365650,2021-10-30,20:13:30.800000,186,167.148799,12,365650
1157,365925,2021-10-30,20:13:31.100000,186,334.918969,12,365925
1158,366206,2021-10-30,20:13:31.300000,186,66.486697,12,366206
1159,366476,2021-10-30,20:13:31.600000,186,66.486697,12,366476
1160,366744,2021-10-30,20:13:31.900000,186,133.594765,12,366744
1161,367026,2021-10-30,20:13:32.200000,186,200.702833,12,367026
1162,367293,2021-10-30,20:13:32.400000,186,66.486697,12,367293
1163,367557,2021-10-30,20:13:32.700000,186,100.04073100000001,12,367557
1164,367834,2021-10-30,20:13:33,186,200.702833,12,367834
1165,368103,2021-10-30,20:13:33.200000,186,133.594765,12,368103
1166,368377,2021-10-30,20:13:33.500000,187,0.0,12,368377
1167,368647,2021-10-30,20:13:33.800000,187,66.486697,12,368647
1168,368916,2021-10-30,20:13:34.100000,187,32.932663,12,368916
1169,369184,2021-10-30,20:13:34.300000,187,133.594765,12,369184
1170,369461,2021-10-30,20:13:34.600000,187,66.486697,12,369461
1171,369735,2021-10-30,20:13:34.900000,187,100.04073100000001,12,369735
1172,370004,2021-10-30,20:13:35.100000,187,167.148799,12,370004
1173,370274,2021-10-30,20:13:35.400000,187,133.594765,12,370274
1174,370544,2021-10-30,20:13:35.700000,187,133.594765,12,370544
1175,370818,2021-10-30,20:13:36,187,133.594765,12,370818
1176,371087,2021-10-30,20:13:36.200000,187,32.932663,12,371087
1177,371356,2021-10-30,20:13:36.500000,187,100.04073100000001,12,371356
1178,371624,2021-10-30,20:13:36.800000,187,167.148799,12,371624
1179,371899,2021-10-30,20:13:37,187,0.0,12,371899
1180,372174,2021-10-30,20:13:37.300000,187,66.486697,12,372174
1181,372445,2021-10-30,20:13:37.600000,187,32.932663,12,372445
1182,372713,2021-10-30,20:13:37.800000,187,100.04073100000001,12,372713
1183,372994,2021-10-30,20:13:38.100000,187,100.04073100000001,12,372994
1184,373271,2021-10-30,20:13:38.400000,187,66.486697,12,373271
1185,373540,2021-10-30,20:13:38.700000,187,234.256867,12,373540
1186,373815,2021-10-30,20:13:38.900000,187,32.932663,12,373815
1187,374092,2021-10-30,20:13:39.200000,187,133.594765,12,374092
1188,374365,2021-10-30,20:13:39.500000,187,32.932663,12,374365
1189,374640,2021-10-30,20:13:39.800000,187,100.04073100000001,12,374640
1190,374912,2021-10-30,20:13:40,187,32.932663,12,374912
1191,375192,2021-10-30,20:13:40.300000,187,66.486697,12,375192
1192,375459,2021-10-30,20:13:40.600000,187,100.04073100000001,12,375459
1193,375731,2021-10-30,20:13:40.900000,187,100.04073100000001,12,375731
1194,376003,2021-10-30,20:13:41.100000,187,66.486697,12,376003
1195,376270,2021-10-30,20:13:41.400000,187,32.932663,12,376270
1196,376541,2021-10-30,20:13:41.700000,187,133.594765,12,376541
1197,376804,2021-10-30,20:13:41.900000,187,66.486697,12,376804
1198,377073,2021-10-30,20:13:42.200000,187,32.932663,12,377073
1199,377336,2021-10-30,20:13:42.500000,186,66.486697,12,377336
1200,377606,2021-10-30,20:13:42.700000,186,167.148799,12,377606
1201,377868,2021-10-30,20:13:43,186,301.364935,12,377868
1202,378143,2021-10-30,20:13:43.300000,186,167.148799,12,378143
1203,378406,2021-10-30,20:13:43.500000,186,66.486697,12,378406
1204,378680,2021-10-30,20:13:43.800000,186,100.04073100000001,12,378680
1205,378944,2021-10-30,20:13:44.100000,186,133.594765,12,378944
1206,379207,2021-10-30,20:13:44.300000,186,167.148799,12,379207
1207,379476,2021-10-30,20:13:44.600000,186,133.594765,12,379476
1208,379745,2021-10-30,20:13:44.900000,186,32.932663,12,379745
1209,380014,2021-10-30,20:13:45.100000,186,267.810901,12,380014
1210,380283,2021-10-30,20:13:45.400000,186,66.486697,12,380283
1211,380558,2021-10-30,20:13:45.700000,186,200.702833,12,380558
1212,380821,2021-10-30,20:13:46,186,32.932663,12,380821
1213,381094,2021-10-30,20:13:46.200000,186,133.594765,12,381094
1214,381359,2021-10-30,20:13:46.500000,186,100.04073100000001,12,381359
1215,381628,2021-10-30,20:13:46.800000,187,66.486697,12,381628
1216,381897,2021-10-30,20:13:47,187,167.148799,12,381897
1217,382160,2021-10-30,20:13:47.300000,187,200.702833,12,382160
1218,382435,2021-10-30,20:13:47.600000,187,100.04073100000001,12,382435
1219,382698,2021-10-30,20:13:47.800000,187,32.932663,12,382698
1220,382972,2021-10-30,20:13:48.100000,187,66.486697,12,382972
1221,383236,2021-10-30,20:13:48.400000,187,32.932663,12,383236
1222,383509,2021-10-30,20:13:48.600000,187,32.932663,12,383509
1223,383774,2021-10-30,20:13:48.900000,187,100.04073100000001,12,383774
1224,384043,2021-10-30,20:13:49.200000,187,100.04073100000001,12,384043
1225,384312,2021-10-30,20:13:49.400000,187,100.04073100000001,12,384312
1226,384581,2021-10-30,20:13:49.700000,187,133.594765,12,384581
1227,384849,2021-10-30,20:13:50,187,133.594765,12,384849
1228,385113,2021-10-30,20:13:50.200000,187,167.148799,12,385113
1229,385388,2021-10-30,20:13:50.500000,187,200.702833,12,385388
1230,385651,2021-10-30,20:13:50.800000,187,200.702833,12,385651
1231,392070,2021-10-30,20:13:57.200000,197,32.932663,12,392070
1232,392340,2021-10-30,20:13:57.500000,197,100.04073100000001,12,392340
1233,392614,2021-10-30,20:13:57.800000,196,133.594765,12,392614
1234,392890,2021-10-30,20:13:58,195,100.04073100000001,12,392890
1235,393158,2021-10-30,20:13:58.300000,195,66.486697,12,393158
1236,393423,2021-10-30,20:13:58.600000,195,66.486697,12,393423
1237,393697,2021-10-30,20:13:58.800000,194,133.594765,12,393697
1238,393965,2021-10-30,20:13:59.100000,194,66.486697,12,393965
1239,394234,2021-10-30,20:13:59.400000,193,167.148799,12,394234
1240,394498,2021-10-30,20:13:59.600000,193,167.148799,12,394498
1241,394773,2021-10-30,20:13:59.900000,193,100.04073100000001,12,394773
1242,395035,2021-10-30,20:14:00.200000,194,0.0,12,395035
1243,395311,2021-10-30,20:14:00.500000,194,133.594765,12,395311
1244,395574,2021-10-30,20:14:00.700000,193,66.486697,12,395574
1245,395837,2021-10-30,20:14:01,193,0.0,12,395837
1246,396099,2021-10-30,20:14:01.200000,193,32.932663,12,396099
1247,396375,2021-10-30,20:14:01.500000,193,100.04073100000001,12,396375
1248,396647,2021-10-30,20:14:01.800000,193,32.932663,12,396647
1249,396912,2021-10-30,20:14:02.100000,193,133.594765,12,396912
1250,397188,2021-10-30,20:14:02.300000,193,66.486697,12,397188
1251,397463,2021-10-30,20:14:02.600000,193,167.148799,12,397463
1252,397739,2021-10-30,20:14:02.900000,192,167.148799,12,397739
1253,398014,2021-10-30,20:14:03.200000,192,66.486697,12,398014
1254,398276,2021-10-30,20:14:03.400000,192,32.932663,12,398276
1255,398539,2021-10-30,20:14:03.700000,192,66.486697,12,398539
1256,398815,2021-10-30,20:14:04,192,100.04073100000001,12,398815
1257,399089,2021-10-30,20:14:04.200000,192,0.0,12,399089
1258,399352,2021-10-30,20:14:04.500000,192,167.148799,12,399352
1259,399628,2021-10-30,20:14:04.800000,192,66.486697,12,399628
1260,399896,2021-10-30,20:14:05,192,0.0,12,399896
1261,400173,2021-10-30,20:14:05.300000,192,32.932663,12,400173
1262,400441,2021-10-30,20:14:05.600000,192,234.256867,12,400441
1263,400715,2021-10-30,20:14:05.900000,191,32.932663,12,400715
1264,400979,2021-10-30,20:14:06.100000,191,66.486697,12,400979
1265,401254,2021-10-30,20:14:06.400000,191,32.932663,12,401254
1266,401529,2021-10-30,20:14:06.700000,191,133.594765,12,401529
1267,401794,2021-10-30,20:14:06.900000,191,100.04073100000001,12,401794
1268,402067,2021-10-30,20:14:07.200000,191,100.04073100000001,12,402067
1269,402338,2021-10-30,20:14:07.500000,191,32.932663,12,402338
1270,402614,2021-10-30,20:14:07.800000,191,32.932663,12,402614
1271,402883,2021-10-30,20:14:08,191,66.486697,12,402883
1272,403161,2021-10-30,20:14:08.300000,191,100.04073100000001,12,403161
1273,403432,2021-10-30,20:14:08.600000,191,133.594765,12,403432
1274,403700,2021-10-30,20:14:08.800000,191,66.486697,12,403700
1275,403976,2021-10-30,20:14:09.100000,191,100.04073100000001,12,403976
1276,404240,2021-10-30,20:14:09.400000,190,100.04073100000001,12,404240
1277,404514,2021-10-30,20:14:09.700000,190,167.148799,12,404514
1278,404784,2021-10-30,20:14:09.900000,190,133.594765,12,404784
1279,405058,2021-10-30,20:14:10.200000,190,167.148799,12,405058
1280,405334,2021-10-30,20:14:10.500000,190,66.486697,12,405334
1281,405601,2021-10-30,20:14:10.700000,190,32.932663,12,405601
1282,405872,2021-10-30,20:14:11,190,0.0,12,405872
1283,406146,2021-10-30,20:14:11.300000,189,100.04073100000001,12,406146
1284,406415,2021-10-30,20:14:11.600000,189,167.148799,12,406415
1285,406684,2021-10-30,20:14:11.800000,189,66.486697,12,406684
1286,406953,2021-10-30,20:14:12.100000,189,32.932663,12,406953
1287,407216,2021-10-30,20:14:12.400000,189,100.04073100000001,12,407216
1288,407485,2021-10-30,20:14:12.600000,189,66.486697,12,407485
1289,407748,2021-10-30,20:14:12.900000,188,167.148799,12,407748
1290,408011,2021-10-30,20:14:13.200000,188,133.594765,12,408011
1291,408281,2021-10-30,20:14:13.400000,188,100.04073100000001,12,408281
1292,408549,2021-10-30,20:14:13.700000,188,0.0,12,408549
1293,408818,2021-10-30,20:14:14,188,100.04073100000001,12,408818
1294,409088,2021-10-30,20:14:14.200000,188,100.04073100000001,12,409088
1295,409362,2021-10-30,20:14:14.500000,188,32.932663,12,409362
1296,409625,2021-10-30,20:14:14.800000,187,66.486697,12,409625
1297,409913,2021-10-30,20:14:15.100000,187,100.04073100000001,12,409913
1298,410181,2021-10-30,20:14:15.300000,187,301.364935,12,410181
1299,410444,2021-10-30,20:14:15.600000,187,0.0,12,410444
1300,410713,2021-10-30,20:14:15.900000,187,167.148799,12,410713
1301,410976,2021-10-30,20:14:16.100000,187,301.364935,12,410976
1302,411245,2021-10-30,20:14:16.400000,187,167.148799,12,411245
1303,411508,2021-10-30,20:14:16.700000,187,66.486697,12,411508
1304,411783,2021-10-30,20:14:16.900000,186,133.594765,12,411783
1305,412046,2021-10-30,20:14:17.200000,186,167.148799,12,412046
1306,412314,2021-10-30,20:14:17.500000,186,66.486697,12,412314
1307,412578,2021-10-30,20:14:17.700000,186,0.0,12,412578
1308,412839,2021-10-30,20:14:18,186,32.932663,12,412839
1309,413109,2021-10-30,20:14:18.300000,186,100.04073100000001,12,413109
1310,413372,2021-10-30,20:14:18.500000,186,133.594765,12,413372
1311,413641,2021-10-30,20:14:18.800000,186,66.486697,12,413641
1312,413904,2021-10-30,20:14:19.100000,186,66.486697,12,413904
1313,414173,2021-10-30,20:14:19.300000,186,167.148799,12,414173
1314,414436,2021-10-30,20:14:19.600000,186,167.148799,12,414436
1315,414729,2021-10-30,20:14:19.900000,186,100.04073100000001,12,414729
1316,414993,2021-10-30,20:14:20.100000,186,66.486697,12,414993
1317,415262,2021-10-30,20:14:20.400000,186,66.486697,12,415262
1318,415531,2021-10-30,20:14:20.700000,186,66.486697,12,415531
1319,415944,2021-10-30,20:14:21.100000,186,32.932663,12,415944
